"","id_sample","mean_sample","n"
"1",1,4.00805722332585,5
"2",2,3.22207136532288,5
"3",3,2.74185021677452,5
"4",4,1.86687554138272,5
"5",5,2.75703268383218,5
"6",6,0.870820489857034,5
"7",7,2.93656928654614,5
"8",8,3.23132879566086,5
"9",9,1.90672503127898,5
"10",10,2.16649559460083,5
"11",11,3.92182840783176,5
"12",12,2.06949282923798,5
"13",13,1.6895953538112,5
"14",14,4.18059422041382,5
"15",15,1.68411338726563,5
"16",16,2.65007334049484,5
"17",17,4.09580086836745,5
"18",18,2.07614275426663,5
"19",19,2.26911557591588,5
"20",20,3.71125686384145,5
"21",21,2.87833562636007,5
"22",22,3.0323495996217,5
"23",23,3.36966926377416,5
"24",24,4.63380896426511,5
"25",25,4.03770538415189,5
"26",26,4.76979638157499,5
"27",27,1.55836452995921,5
"28",28,3.20971987855961,5
"29",29,3.49418262471776,5
"30",30,1.76505176390179,5
"31",31,2.39906131965957,5
"32",32,3.02024744185622,5
"33",33,5.65336763215473,5
"34",34,2.91823991518292,5
"35",35,3.51558487967179,5
"36",36,3.06327790298244,5
"37",37,1.59213663722305,5
"38",38,2.90890673292056,5
"39",39,3.22299663450527,5
"40",40,3.78008530826309,5
"41",41,5.36685839892618,5
"42",42,3.32422574670349,5
"43",43,2.73557262568169,5
"44",44,4.05124148395599,5
"45",45,2.81016223426623,5
"46",46,2.40615584326846,5
"47",47,3.69361472012773,5
"48",48,3.44120770301457,5
"49",49,4.25542198396761,5
"50",50,1.58822329875889,5
"51",51,1.41592273124025,5
"52",52,2.39728546920314,5
"53",53,1.22788397202116,5
"54",54,4.36966618689556,5
"55",55,3.90295851045016,5
"56",56,1.98569195216548,5
"57",57,2.77409158478977,5
"58",58,3.18796447110242,5
"59",59,4.36635283428957,5
"60",60,3.11769202181947,5
"61",61,3.73245231169577,5
"62",62,3.14405746500426,5
"63",63,3.23893948856381,5
"64",64,2.59638257128563,5
"65",65,2.47668112606128,5
"66",66,3.45908178678734,5
"67",67,3.07641668426461,5
"68",68,4.35898963637819,5
"69",69,2.57888199022909,5
"70",70,3.75851748280843,5
"71",71,2.62643815236068,5
"72",72,1.85948436190039,5
"73",73,3.50985600143987,5
"74",74,3.54479519581776,5
"75",75,5.93964070279793,5
"76",76,2.48701380226571,5
"77",77,1.22700694784356,5
"78",78,2.88297972412361,5
"79",79,1.49964548204472,5
"80",80,3.43053835912017,5
"81",81,2.49808483679814,5
"82",82,2.41745889468117,5
"83",83,4.74487695214302,5
"84",84,2.69197852189751,5
"85",85,2.93273283304,5
"86",86,2.09382424675263,5
"87",87,3.1427863072934,5
"88",88,5.93078944810199,5
"89",89,4.7529260033616,5
"90",90,2.14125501736824,5
"91",91,5.70902454387609,5
"92",92,5.02820378320049,5
"93",93,2.89631475458627,5
"94",94,4.41846471309645,5
"95",95,3.7206097399858,5
"96",96,5.67653595669651,5
"97",97,2.29537312559692,5
"98",98,2.0476103759233,5
"99",99,3.79216139972103,5
"100",100,2.32073584418096,5
"101",101,1.42513222590441,5
"102",102,2.7002722664879,5
"103",103,2.4461347720685,5
"104",104,3.49928309525805,5
"105",105,3.83184215106708,5
"106",106,3.70615971226867,5
"107",107,3.5387277185782,5
"108",108,2.45059756985032,5
"109",109,2.08311268437235,5
"110",110,4.46865491526524,5
"111",111,3.42867809982986,5
"112",112,3.25439037674474,5
"113",113,3.1969877522417,5
"114",114,2.59069432396545,5
"115",115,6.09025896370102,5
"116",116,2.6441446395551,5
"117",117,2.42765330783533,5
"118",118,4.92146366413543,5
"119",119,5.7573548930136,5
"120",120,1.57771937186984,5
"121",121,1.93148398312796,5
"122",122,3.56605888183073,5
"123",123,3.58017642442015,5
"124",124,5.33796853711326,5
"125",125,2.60729097497107,5
"126",126,4.21766870349466,5
"127",127,2.81569003309761,5
"128",128,3.58467887551492,5
"129",129,3.3808809789349,5
"130",130,3.6463148154329,5
"131",131,2.96718624611451,5
"132",132,3.98021460232802,5
"133",133,1.74146181417747,5
"134",134,2.00702354508858,5
"135",135,4.04569924473032,5
"136",136,5.47613493300396,5
"137",137,3.16979075595573,5
"138",138,1.54740165606072,5
"139",139,3.35153133542362,5
"140",140,3.5609195251267,5
"141",141,2.98597270750423,5
"142",142,1.55272797046542,5
"143",143,4.09058767229865,5
"144",144,3.37670798803593,5
"145",145,3.61514882231971,5
"146",146,5.48641761797777,5
"147",147,2.40446886193831,5
"148",148,2.88103716297557,5
"149",149,0.915603314296028,5
"150",150,4.6762149489081,5
"151",151,4.02260158433661,5
"152",152,1.80889342888737,5
"153",153,2.3744881618177,5
"154",154,5.24687213092364,5
"155",155,3.40144983727218,5
"156",156,3.30735870839966,5
"157",157,1.33539834904151,5
"158",158,1.60159358463573,5
"159",159,3.63969585957688,5
"160",160,4.29940623544545,5
"161",161,1.82864767612964,5
"162",162,3.62168075384331,5
"163",163,2.62517289772385,5
"164",164,3.06452335780741,5
"165",165,3.72305647259657,5
"166",166,4.08628797854426,5
"167",167,1.97399993924334,5
"168",168,3.34539414509829,5
"169",169,2.83545298320665,5
"170",170,3.58660759328183,5
"171",171,1.94070371908611,5
"172",172,3.17839062528654,5
"173",173,2.89171064292932,5
"174",174,3.33934772896876,5
"175",175,2.04426123507028,5
"176",176,2.58629072106121,5
"177",177,3.23624619734659,5
"178",178,1.82271982928071,5
"179",179,4.32180387912547,5
"180",180,2.16331570786435,5
"181",181,4.91461840835488,5
"182",182,3.81269542493043,5
"183",183,1.91214620262965,5
"184",184,1.66151980750073,5
"185",185,3.75953710175519,5
"186",186,1.70814326003048,5
"187",187,3.57714042020894,5
"188",188,3.91198264613352,5
"189",189,2.14589086697062,5
"190",190,2.11564926382872,5
"191",191,1.77129345653007,5
"192",192,4.12082484876239,5
"193",193,5.48972488554927,5
"194",194,2.07433264420434,5
"195",195,1.7670401013244,5
"196",196,4.66356062488485,5
"197",197,2.39446355105936,5
"198",198,2.5574700440535,5
"199",199,3.42714533627801,5
"200",200,4.32302638421799,5
"201",201,2.82470847694681,5
"202",202,3.73527737372388,5
"203",203,1.65384291188056,5
"204",204,2.48109274377536,5
"205",205,4.30527223826107,5
"206",206,3.55025537604524,5
"207",207,1.1396305114901,5
"208",208,2.46183241703245,5
"209",209,2.08449677364397,5
"210",210,2.50107632321946,5
"211",211,1.97639932425193,5
"212",212,2.01252025554347,5
"213",213,2.95764680185765,5
"214",214,2.50314150703985,5
"215",215,2.64445068615459,5
"216",216,5.92233110460924,5
"217",217,3.55532196006387,5
"218",218,3.09800375974298,5
"219",219,3.26598297629021,5
"220",220,4.7025927219168,5
"221",221,1.04419224808197,5
"222",222,3.42512699455254,5
"223",223,2.9872540400559,5
"224",224,2.71852072980606,5
"225",225,1.64786849195204,5
"226",226,2.72863290916011,5
"227",227,2.62236288154035,5
"228",228,4.53631609098705,5
"229",229,1.84097374782425,5
"230",230,1.77500667178722,5
"231",231,2.08598542284311,5
"232",232,2.26170948841665,5
"233",233,3.91205157964673,5
"234",234,0.740810345638297,5
"235",235,2.60579202074357,5
"236",236,4.69060281948901,5
"237",237,8.11150914204409,5
"238",238,3.49630034194754,5
"239",239,3.26601653156347,5
"240",240,4.275707850316,5
"241",241,4.27618578035254,5
"242",242,4.8109509117841,5
"243",243,2.5332948633621,5
"244",244,4.10801432044407,5
"245",245,3.43325349742126,5
"246",246,2.96206392719236,5
"247",247,1.85834201462877,5
"248",248,3.27018103776582,5
"249",249,4.62201309668381,5
"250",250,0.939149504957066,5
"251",251,2.72122639375244,5
"252",252,2.5659907784033,5
"253",253,3.53790819987345,5
"254",254,4.28819011587361,5
"255",255,1.38300171156138,5
"256",256,5.34607884486608,5
"257",257,2.58160855496233,5
"258",258,1.37062539543815,5
"259",259,3.30468741160082,5
"260",260,1.403776471839,5
"261",261,3.07004283660116,5
"262",262,1.87247299529645,5
"263",263,1.8918016104528,5
"264",264,1.6476702457392,5
"265",265,1.68761128521612,5
"266",266,4.00247935764983,5
"267",267,5.42269663434358,5
"268",268,1.79803423161284,5
"269",269,2.65380398878896,5
"270",270,1.92143603042245,5
"271",271,1.7596194177255,5
"272",272,2.56911737027778,5
"273",273,2.29378004290765,5
"274",274,2.64698831590237,5
"275",275,7.68668400362246,5
"276",276,2.97814941447159,5
"277",277,2.47812361102963,5
"278",278,3.11794754450387,5
"279",279,1.62376131658099,5
"280",280,3.67813458292956,5
"281",281,3.36286011833791,5
"282",282,2.26109510109665,5
"283",283,3.1892135192792,5
"284",284,3.84932140107539,5
"285",285,1.50446864964545,5
"286",286,3.8719221069081,5
"287",287,2.68776077510461,5
"288",288,1.12480220365487,5
"289",289,3.91842177213608,5
"290",290,1.66370609645973,5
"291",291,2.67407857118735,5
"292",292,1.94301748913734,5
"293",293,4.68638307448866,5
"294",294,2.8975027081023,5
"295",295,1.18677099149574,5
"296",296,1.79914868094283,5
"297",297,4.29814881601356,5
"298",298,2.47562170409763,5
"299",299,1.27542641545209,5
"300",300,3.26701719689968,5
"301",301,3.05092101548308,5
"302",302,2.73723407641389,5
"303",303,2.86433671858901,5
"304",304,2.38860246416631,5
"305",305,4.44478516554286,5
"306",306,1.87957231951291,5
"307",307,2.59428551314124,5
"308",308,1.87030501223736,5
"309",309,1.22850498708997,5
"310",310,3.92195210809444,5
"311",311,3.98106382144361,5
"312",312,3.14986853760206,5
"313",313,2.32073369948378,5
"314",314,3.58843601492861,5
"315",315,4.29868616385182,5
"316",316,3.39701093869497,5
"317",317,2.81344609470136,5
"318",318,3.47211360608481,5
"319",319,4.28462302249031,5
"320",320,1.87166764280703,5
"321",321,2.33814809724336,5
"322",322,3.79491487091974,5
"323",323,6.11816847044603,5
"324",324,2.10695971032343,5
"325",325,3.9314934598027,5
"326",326,2.59592510236283,5
"327",327,3.36378452527966,5
"328",328,4.1312748866911,5
"329",329,3.8471388445014,5
"330",330,2.84093536277602,5
"331",331,2.26183038305059,5
"332",332,2.801705501974,5
"333",333,2.48197875845984,5
"334",334,3.27826524328825,5
"335",335,2.22184141214127,5
"336",336,2.83029584543275,5
"337",337,2.25687014492881,5
"338",338,2.49814889137216,5
"339",339,2.36041537280607,5
"340",340,3.93830364811934,5
"341",341,1.19579344732706,5
"342",342,1.74446346970217,5
"343",343,2.363599802173,5
"344",344,3.07590766805965,5
"345",345,2.55817200830491,5
"346",346,1.85600665817484,5
"347",347,3.95940574985224,5
"348",348,2.99636619157986,5
"349",349,2.61831367332721,5
"350",350,2.83184793327454,5
"351",351,2.97714533782721,5
"352",352,3.06056337050919,5
"353",353,2.88611503169765,5
"354",354,6.20360480062656,5
"355",355,3.86813693947504,5
"356",356,3.26846066044818,5
"357",357,2.71191258711691,5
"358",358,3.8022406680872,5
"359",359,1.33758038347926,5
"360",360,1.59985268085844,5
"361",361,2.1826967893633,5
"362",362,3.24843004526634,5
"363",363,2.2572081893778,5
"364",364,3.97545238712676,5
"365",365,1.6976170325608,5
"366",366,4.06976275374782,5
"367",367,3.98352568660395,5
"368",368,3.00462607928939,5
"369",369,2.81975706214373,5
"370",370,2.49999386815844,5
"371",371,3.56725212857229,5
"372",372,3.52488577044337,5
"373",373,2.95763064214588,5
"374",374,2.89230571135027,5
"375",375,2.09271869101181,5
"376",376,1.23419709592101,5
"377",377,2.39880402046364,5
"378",378,3.00089336504686,5
"379",379,2.43358720955322,5
"380",380,3.73319405650785,5
"381",381,1.96731794979201,5
"382",382,3.21113142841904,5
"383",383,2.95671684070387,5
"384",384,1.69223260389083,5
"385",385,4.1125457939799,5
"386",386,4.03475201315887,5
"387",387,3.9495882159412,5
"388",388,2.35013882943426,5
"389",389,3.1852877983806,5
"390",390,3.17381242170292,5
"391",391,3.78416985890525,5
"392",392,0.896251238081039,5
"393",393,2.2332307724792,5
"394",394,2.60246708810382,5
"395",395,2.55850683870038,5
"396",396,3.9388736965818,5
"397",397,3.27949233347857,5
"398",398,2.86238236470221,5
"399",399,2.29819255646334,5
"400",400,3.78759841947627,5
"401",401,1.90350247244674,5
"402",402,3.05338880709004,5
"403",403,4.140427065787,5
"404",404,2.88044110543644,5
"405",405,2.53157547163393,5
"406",406,2.77519784782447,5
"407",407,3.54796414008415,5
"408",408,2.80143873605697,5
"409",409,4.23184927351767,5
"410",410,3.08059922610892,5
"411",411,3.28606084709206,5
"412",412,1.81075727639106,5
"413",413,5.27694148476426,5
"414",414,3.57772555612006,5
"415",415,3.26319409792476,5
"416",416,3.78174157542892,5
"417",417,4.65408808178904,5
"418",418,1.53327357706356,5
"419",419,4.37320914890627,5
"420",420,1.62011811808242,5
"421",421,1.1991428020443,5
"422",422,1.65242881297543,5
"423",423,2.34642394216739,5
"424",424,2.99437367732597,5
"425",425,3.57641690079398,5
"426",426,3.41635006554349,5
"427",427,3.74998998340314,5
"428",428,3.54532721553296,5
"429",429,3.11422719939814,5
"430",430,2.24078836781851,5
"431",431,3.61727293180492,5
"432",432,3.7725118801361,5
"433",433,2.78932213351688,5
"434",434,2.52928282002937,5
"435",435,3.12440398521549,5
"436",436,1.73566123874822,5
"437",437,2.96877193299933,5
"438",438,3.29872501274345,5
"439",439,3.10267052896853,5
"440",440,0.676091600858659,5
"441",441,2.02296133682477,5
"442",442,1.55652025365728,5
"443",443,3.00204442941579,5
"444",444,4.4165150125405,5
"445",445,2.32148076866765,5
"446",446,2.22464122141491,5
"447",447,2.77439671681589,5
"448",448,1.75659598686445,5
"449",449,2.47621115464905,5
"450",450,2.53076519973164,5
"451",451,2.94562003456107,5
"452",452,4.27864670887908,5
"453",453,3.59022987717155,5
"454",454,2.00787800863063,5
"455",455,5.68229329453263,5
"456",456,1.95686233743012,5
"457",457,1.38301185649687,5
"458",458,4.68510190657445,5
"459",459,2.89442535290916,5
"460",460,4.24565417662511,5
"461",461,2.05780013663785,5
"462",462,2.55065252121022,5
"463",463,4.2082091484542,5
"464",464,3.8091398721673,5
"465",465,1.83138133457021,5
"466",466,1.31890606462428,5
"467",467,1.56294449161506,5
"468",468,5.67987380935119,5
"469",469,1.72837078529211,5
"470",470,1.85953910313677,5
"471",471,2.43711048713985,5
"472",472,2.83301371085919,5
"473",473,3.45697010227751,5
"474",474,3.50488782881314,5
"475",475,2.77212649790396,5
"476",476,5.86003641758116,5
"477",477,4.39303579784211,5
"478",478,1.44557433736391,5
"479",479,2.48990597686085,5
"480",480,3.08437862454175,5
"481",481,3.97559556899724,5
"482",482,2.65343481110196,5
"483",483,4.51146019928057,5
"484",484,3.91459717492266,5
"485",485,2.22560343791965,5
"486",486,2.8624201182132,5
"487",487,2.69369455175422,5
"488",488,3.26711357265554,5
"489",489,3.11452034728307,5
"490",490,2.607732073297,5
"491",491,5.14078496355871,5
"492",492,1.85919931251985,5
"493",493,2.8511428907665,5
"494",494,3.41106125624547,5
"495",495,2.405350273183,5
"496",496,2.84197831755473,5
"497",497,3.05981097171161,5
"498",498,3.35066317442976,5
"499",499,2.19547722057585,5
"500",500,4.20338108846684,5
"501",1,3.50334501431603,20
"502",2,3.3595428469926,20
"503",3,2.51118174779225,20
"504",4,2.45731576685262,20
"505",5,2.98304061645339,20
"506",6,2.53173213883906,20
"507",7,2.61749374590645,20
"508",8,2.8532910996229,20
"509",9,1.98756296904306,20
"510",10,3.45474346974285,20
"511",11,3.64354269194742,20
"512",12,2.68576819430525,20
"513",13,3.33536753019144,20
"514",14,3.268545220298,20
"515",15,2.30895298516531,20
"516",16,2.38882696033661,20
"517",17,3.15145045505687,20
"518",18,3.10503711381446,20
"519",19,3.48673840713337,20
"520",20,3.64468395328552,20
"521",21,2.62703762163418,20
"522",22,2.8387142018968,20
"523",23,3.33110550905554,20
"524",24,2.91363763282541,20
"525",25,2.59217473313019,20
"526",26,2.4062677383037,20
"527",27,1.85845017571093,20
"528",28,2.61144079055991,20
"529",29,2.55842005312506,20
"530",30,2.90645869359066,20
"531",31,3.11605710942533,20
"532",32,3.4166040884054,20
"533",33,3.3307187079298,20
"534",34,3.48857718875207,20
"535",35,3.0506943577271,20
"536",36,2.20999506225747,20
"537",37,3.10930509581238,20
"538",38,2.73294471935217,20
"539",39,3.45280962983894,20
"540",40,4.03664569451757,20
"541",41,2.4642817462887,20
"542",42,3.12303205044003,20
"543",43,2.83806611746748,20
"544",44,2.39739969957743,20
"545",45,2.55669241764222,20
"546",46,3.83340347551433,20
"547",47,3.31190131288894,20
"548",48,2.70970139376297,20
"549",49,2.87849724527962,20
"550",50,2.56463925178838,20
"551",51,3.46609548451058,20
"552",52,3.46756332264673,20
"553",53,2.5267321666437,20
"554",54,3.1734883980218,20
"555",55,2.61095717290103,20
"556",56,2.9997065695709,20
"557",57,3.55144846068347,20
"558",58,3.1873547072977,20
"559",59,2.6877771555421,20
"560",60,4.34929450684186,20
"561",61,3.03124770779564,20
"562",62,3.79054573004524,20
"563",63,2.28897836478325,20
"564",64,1.86672815209374,20
"565",65,2.65223720700679,20
"566",66,3.35304405614317,20
"567",67,3.31988287646344,20
"568",68,2.51456661986287,20
"569",69,3.83843300889628,20
"570",70,2.71624944366396,20
"571",71,3.66332880947642,20
"572",72,2.80350871021246,20
"573",73,2.4544122988609,20
"574",74,3.23714428933674,20
"575",75,3.52211275295135,20
"576",76,3.48149580040877,20
"577",77,3.8524863060891,20
"578",78,3.10510934633595,20
"579",79,2.90017151470931,20
"580",80,3.08570803990133,20
"581",81,2.58803997097266,20
"582",82,3.58215135320202,20
"583",83,1.99494508577293,20
"584",84,2.64469707663504,20
"585",85,2.67571458898285,20
"586",86,3.65693265232239,20
"587",87,3.03745389548981,20
"588",88,2.7035060231293,20
"589",89,2.63475884358637,20
"590",90,3.81827892453555,20
"591",91,2.37647699263071,20
"592",92,2.55240581325995,20
"593",93,3.07619329423522,20
"594",94,2.91255503850789,20
"595",95,2.78275850927892,20
"596",96,2.30604423624489,20
"597",97,2.91772826344617,20
"598",98,3.44320260729522,20
"599",99,3.74798151525587,20
"600",100,2.54716283775723,20
"601",101,3.84263702550846,20
"602",102,2.90680248173671,20
"603",103,2.24411332766114,20
"604",104,2.89554533347601,20
"605",105,3.80378746721321,20
"606",106,2.77538016788078,20
"607",107,2.530868526496,20
"608",108,2.81981310065667,20
"609",109,3.73222337848075,20
"610",110,2.87929030241758,20
"611",111,2.76742069380323,20
"612",112,3.13024538729031,20
"613",113,3.30513856509842,20
"614",114,2.5414395410469,20
"615",115,2.66630995448567,20
"616",116,3.91346398415929,20
"617",117,3.23716087236486,20
"618",118,3.05360679256342,20
"619",119,3.37814264655215,20
"620",120,3.13154818933981,20
"621",121,2.25392630538789,20
"622",122,4.20848489728731,20
"623",123,3.14245807651148,20
"624",124,2.40450569584594,20
"625",125,3.45840148207022,20
"626",126,2.61021825228895,20
"627",127,3.10018605286727,20
"628",128,3.5656770536967,20
"629",129,2.62953361590724,20
"630",130,3.2934259133859,20
"631",131,3.37820423985984,20
"632",132,2.82047478513665,20
"633",133,2.72260870413991,20
"634",134,2.56841880292124,20
"635",135,3.2070320321457,20
"636",136,4.29012071520006,20
"637",137,2.61654805475274,20
"638",138,2.87529550852633,20
"639",139,2.6818062916954,20
"640",140,3.23232203796984,20
"641",141,3.75453314282888,20
"642",142,3.05576383699268,20
"643",143,3.17647558798106,20
"644",144,2.35977554200263,20
"645",145,3.29141939403424,20
"646",146,2.57405441989509,20
"647",147,2.71492393066334,20
"648",148,3.08737901128782,20
"649",149,2.66801843410469,20
"650",150,2.61579363912909,20
"651",151,3.74267057802944,20
"652",152,3.27605441140248,20
"653",153,3.16125932251093,20
"654",154,2.94891166257352,20
"655",155,2.81313988785784,20
"656",156,2.19677604918615,20
"657",157,3.89721154126872,20
"658",158,2.77879159450683,20
"659",159,1.95871544774388,20
"660",160,2.80451800392369,20
"661",161,3.47628523040034,20
"662",162,2.49739000503434,20
"663",163,3.20996515729502,20
"664",164,3.1868584484976,20
"665",165,3.05707622359178,20
"666",166,3.8487547939249,20
"667",167,2.54934108198691,20
"668",168,3.19322555029793,20
"669",169,2.5320292079773,20
"670",170,3.33681703316128,20
"671",171,2.54755474211526,20
"672",172,2.66503512130787,20
"673",173,2.74169120268121,20
"674",174,3.00226377460184,20
"675",175,2.32192858600394,20
"676",176,2.21814979421882,20
"677",177,3.17988124215341,20
"678",178,2.47100129814671,20
"679",179,2.5163859518107,20
"680",180,2.4666527063903,20
"681",181,1.55229201315336,20
"682",182,2.16606211672682,20
"683",183,2.71484302285733,20
"684",184,2.9572346461053,20
"685",185,3.02489238401001,20
"686",186,2.50959306945586,20
"687",187,3.06255051355296,20
"688",188,3.37139414004183,20
"689",189,3.510262499809,20
"690",190,2.70089636384397,20
"691",191,3.0652689347838,20
"692",192,3.28841665191459,20
"693",193,2.25821690294562,20
"694",194,3.32476584009169,20
"695",195,3.51014147493537,20
"696",196,3.51785224423258,20
"697",197,3.11206127950762,20
"698",198,3.69012191793951,20
"699",199,2.99841348367967,20
"700",200,2.94946966868485,20
"701",201,2.36598137375188,20
"702",202,3.16839851490656,20
"703",203,3.33778548886026,20
"704",204,3.87250219422964,20
"705",205,4.0707180355941,20
"706",206,3.31299106272513,20
"707",207,2.47037565190795,20
"708",208,2.72360139193301,20
"709",209,3.21435951577782,20
"710",210,2.69467724205044,20
"711",211,2.06122468570929,20
"712",212,3.07696885575399,20
"713",213,3.35249613098538,20
"714",214,2.31625507631363,20
"715",215,4.66347770055488,20
"716",216,2.90127323731306,20
"717",217,2.6293578137639,20
"718",218,3.26643458212174,20
"719",219,3.3373419383426,20
"720",220,2.76864532828618,20
"721",221,3.01669756513085,20
"722",222,3.33804679724065,20
"723",223,2.8833414815326,20
"724",224,3.02061520661296,20
"725",225,3.07644546602109,20
"726",226,3.59200880312426,20
"727",227,2.06399985706878,20
"728",228,2.96192386035993,20
"729",229,3.92481728218187,20
"730",230,2.61423297989462,20
"731",231,3.4905324967796,20
"732",232,2.99554119480519,20
"733",233,2.33556804879078,20
"734",234,3.62506119741667,20
"735",235,2.71064000179831,20
"736",236,2.43591696607343,20
"737",237,2.21530844275096,20
"738",238,3.12760202171771,20
"739",239,2.93970313315023,20
"740",240,2.92903201031082,20
"741",241,2.8123839860853,20
"742",242,3.40434299928,20
"743",243,3.16360420116368,20
"744",244,2.25598323555677,20
"745",245,3.21242250597392,20
"746",246,3.24641910424439,20
"747",247,4.51367617357266,20
"748",248,4.06554527644016,20
"749",249,3.81165237913946,20
"750",250,3.76323279962969,20
"751",251,3.14370191819254,20
"752",252,3.06089393049634,20
"753",253,3.49295696706155,20
"754",254,2.66944282347932,20
"755",255,2.67462282809005,20
"756",256,2.78262558667923,20
"757",257,2.38306427394398,20
"758",258,3.72903947098518,20
"759",259,2.24858680974409,20
"760",260,3.63748841318202,20
"761",261,2.73345114250223,20
"762",262,3.42431916585689,20
"763",263,2.18280779719032,20
"764",264,3.57411799606104,20
"765",265,3.87626444754248,20
"766",266,2.21138713876966,20
"767",267,2.5544845829351,20
"768",268,3.17134060123251,20
"769",269,3.49533611044731,20
"770",270,3.40751739601687,20
"771",271,3.13612419859908,20
"772",272,2.66027844216353,20
"773",273,2.54294454751272,20
"774",274,3.00358559756437,20
"775",275,2.69678429568545,20
"776",276,3.2621841364317,20
"777",277,2.64981260617957,20
"778",278,3.00218170480243,20
"779",279,3.54873082880816,20
"780",280,2.40122239133659,20
"781",281,2.11328909781877,20
"782",282,3.12805869679594,20
"783",283,2.24714858775278,20
"784",284,3.2766306044978,20
"785",285,3.21598722919641,20
"786",286,3.39739082749281,20
"787",287,2.50526475999543,20
"788",288,3.21934885935328,20
"789",289,2.87113620179749,20
"790",290,2.64778359159676,20
"791",291,2.97154206246074,20
"792",292,3.66095777794516,20
"793",293,3.70803985559702,20
"794",294,2.65628334456925,20
"795",295,4.44206266706706,20
"796",296,2.00648065015584,20
"797",297,3.12902377834594,20
"798",298,3.0739938251248,20
"799",299,3.46602021983243,20
"800",300,2.19087802990614,20
"801",301,3.05694500389031,20
"802",302,3.1453866068474,20
"803",303,2.18091801500077,20
"804",304,3.44404829107319,20
"805",305,4.04290177182032,20
"806",306,3.29748132330268,20
"807",307,3.03564283119004,20
"808",308,4.00448157828988,20
"809",309,3.81590295179786,20
"810",310,2.90331246485892,20
"811",311,2.7419151672574,20
"812",312,3.38387777448506,20
"813",313,3.41144666931864,20
"814",314,3.85812756287799,20
"815",315,2.36827692210089,20
"816",316,3.0830458135961,20
"817",317,2.75233436150293,20
"818",318,3.07692916713593,20
"819",319,2.89149936477658,20
"820",320,3.0307321305772,20
"821",321,3.23751687757507,20
"822",322,2.17342490654757,20
"823",323,3.02394922228973,20
"824",324,2.74562591045668,20
"825",325,3.63198668894293,20
"826",326,3.51408453094805,20
"827",327,2.81913723870578,20
"828",328,3.10435354073098,20
"829",329,3.21290531992473,20
"830",330,2.60117421196974,20
"831",331,2.96170264454064,20
"832",332,3.6999949302352,20
"833",333,2.26463490284536,20
"834",334,3.77099014753675,20
"835",335,3.229375095857,20
"836",336,2.50414455697903,20
"837",337,3.28292441470062,20
"838",338,2.55613304331402,20
"839",339,4.20125684471888,20
"840",340,4.51894845674943,20
"841",341,3.50576695200551,20
"842",342,2.18354513694355,20
"843",343,2.93020108265536,20
"844",344,3.19999893182452,20
"845",345,3.2793912648395,20
"846",346,3.27226493357253,20
"847",347,3.07145860780747,20
"848",348,3.76726549023695,20
"849",349,2.73844774816047,20
"850",350,2.58192561630553,20
"851",351,4.33042320813712,20
"852",352,3.21078614388643,20
"853",353,3.32630958336737,20
"854",354,3.06385039349559,20
"855",355,2.25597799959044,20
"856",356,2.81515430083621,20
"857",357,4.32957051702481,20
"858",358,3.10515407134817,20
"859",359,2.05877461754646,20
"860",360,2.50191587393915,20
"861",361,3.14477376070196,20
"862",362,2.81387540159115,20
"863",363,2.90031163450655,20
"864",364,2.70551238060075,20
"865",365,2.14240233291064,20
"866",366,2.52185419762695,20
"867",367,3.48929693096311,20
"868",368,2.06375564738576,20
"869",369,3.75998773459321,20
"870",370,2.16834022327587,20
"871",371,3.44081740288755,20
"872",372,2.59854269747766,20
"873",373,3.0022667020588,20
"874",374,3.06894768278572,20
"875",375,3.73244985031484,20
"876",376,2.65533012925979,20
"877",377,2.30238955559842,20
"878",378,2.67381756796192,20
"879",379,2.02187343005834,20
"880",380,2.06535240758267,20
"881",381,3.30819671696562,20
"882",382,2.71051326541088,20
"883",383,3.22915297161803,20
"884",384,2.30554235401815,20
"885",385,3.42348174358004,20
"886",386,3.25989424580559,20
"887",387,3.11863969796597,20
"888",388,2.95141721009822,20
"889",389,3.69196987875859,20
"890",390,2.54178718490552,20
"891",391,2.7116917272406,20
"892",392,2.92963985727639,20
"893",393,3.59710099519245,20
"894",394,3.05652823510172,20
"895",395,4.14467129772367,20
"896",396,3.53334558468596,20
"897",397,4.32154575411453,20
"898",398,3.76871078725956,20
"899",399,2.91702853704278,20
"900",400,1.89800322460067,20
"901",401,4.02166864038155,20
"902",402,2.82323577818117,20
"903",403,3.06490950824346,20
"904",404,3.34456237367095,20
"905",405,2.91216827772461,20
"906",406,4.55174445757218,20
"907",407,3.2350678640829,20
"908",408,2.60824704467513,20
"909",409,3.95618122045834,20
"910",410,2.93255486803889,20
"911",411,2.48506036487018,20
"912",412,2.55127052464233,20
"913",413,2.39271044316819,20
"914",414,2.02180258401185,20
"915",415,3.18163787735751,20
"916",416,3.35041680000301,20
"917",417,2.03713318909234,20
"918",418,4.80477944036545,20
"919",419,2.5954993735527,20
"920",420,1.85827780317278,20
"921",421,3.25737779723933,20
"922",422,2.7612707988316,20
"923",423,4.12095383108276,20
"924",424,3.32259149820453,20
"925",425,3.38867589254285,20
"926",426,2.63691239365714,20
"927",427,3.50904349738498,20
"928",428,2.33435388152129,20
"929",429,2.94399427264573,20
"930",430,2.65557055940694,20
"931",431,2.60205522476278,20
"932",432,3.08433388121059,20
"933",433,2.51307235450856,20
"934",434,2.43331989986726,20
"935",435,2.9534963470527,20
"936",436,2.65851006238115,20
"937",437,2.93657666063801,20
"938",438,3.85588904089994,20
"939",439,2.93048653345843,20
"940",440,2.62939271208657,20
"941",441,3.11182773127877,20
"942",442,2.83331269488197,20
"943",443,3.96001218365203,20
"944",444,2.23769364958895,20
"945",445,2.43160299883787,20
"946",446,3.52554666190547,20
"947",447,3.85367491956362,20
"948",448,2.20583714438906,20
"949",449,2.93771875882458,20
"950",450,2.69329164818534,20
"951",451,3.07809931971198,20
"952",452,2.23472748873372,20
"953",453,3.02672081782845,20
"954",454,2.75971465974078,20
"955",455,3.64546693846119,20
"956",456,2.64464235635125,20
"957",457,3.14368832795306,20
"958",458,4.05082786561137,20
"959",459,4.00518141920455,20
"960",460,1.87970684820584,20
"961",461,3.35689020922364,20
"962",462,2.51901380829916,20
"963",463,3.53070557051818,20
"964",464,2.37126858095132,20
"965",465,3.53123175623435,20
"966",466,4.05934958864105,20
"967",467,2.8593041542331,20
"968",468,2.72767581292299,20
"969",469,3.47377021327099,20
"970",470,2.59201251049366,20
"971",471,2.59077830267985,20
"972",472,3.04328252281389,20
"973",473,3.30343020075837,20
"974",474,1.94944195898325,20
"975",475,3.15152531228835,20
"976",476,2.3316750686592,20
"977",477,2.94386798646739,20
"978",478,3.43783055490065,20
"979",479,2.33694885425466,20
"980",480,2.56397408858888,20
"981",481,2.39327787389802,20
"982",482,3.4847121024868,20
"983",483,3.12010508543834,20
"984",484,3.31078736423773,20
"985",485,3.18415835293334,20
"986",486,3.76543413979655,20
"987",487,2.6082174733889,20
"988",488,3.06531718893767,20
"989",489,3.29374160270431,20
"990",490,2.80003411876921,20
"991",491,3.05568568473862,20
"992",492,2.5978016857954,20
"993",493,4.41626189705684,20
"994",494,3.70050090880544,20
"995",495,3.57081175106921,20
"996",496,3.09000684101712,20
"997",497,3.12402004657011,20
"998",498,2.57823660388649,20
"999",499,2.82198158437066,20
"1000",500,2.77679056189122,20
"1001",1,2.81353595555731,50
"1002",2,3.03778122747436,50
"1003",3,2.94689623260427,50
"1004",4,2.48212932896422,50
"1005",5,3.34445349818169,50
"1006",6,3.34767957773767,50
"1007",7,3.66011112294351,50
"1008",8,2.83756995918346,50
"1009",9,3.21738712373674,50
"1010",10,3.01058544027405,50
"1011",11,3.00097225997911,50
"1012",12,3.29979828982555,50
"1013",13,2.68404675078803,50
"1014",14,3.00186400985425,50
"1015",15,2.97593547843591,50
"1016",16,2.48421699796757,50
"1017",17,3.49390463947908,50
"1018",18,3.40038759823274,50
"1019",19,2.20571140061791,50
"1020",20,2.94037828200644,50
"1021",21,3.06285761500445,50
"1022",22,2.73015543988084,50
"1023",23,3.53283747021832,50
"1024",24,3.13493353656354,50
"1025",25,3.46225562568736,50
"1026",26,3.33447988760379,50
"1027",27,2.88943859493911,50
"1028",28,3.45228377548129,50
"1029",29,3.20350740373107,50
"1030",30,2.76966135420794,50
"1031",31,2.95870532594479,50
"1032",32,2.90662796004102,50
"1033",33,3.24971159691627,50
"1034",34,2.91593343409519,50
"1035",35,2.84776478158059,50
"1036",36,3.33231900142548,50
"1037",37,2.76673814446083,50
"1038",38,3.02903353187358,50
"1039",39,2.94976418731075,50
"1040",40,3.0172969265826,50
"1041",41,2.69661709572579,50
"1042",42,3.060606067815,50
"1043",43,3.48307462835909,50
"1044",44,3.21522270250252,50
"1045",45,2.87784544596234,50
"1046",46,3.02785925553458,50
"1047",47,2.64826873637448,50
"1048",48,3.12660918013929,50
"1049",49,3.06172625264416,50
"1050",50,3.79587576284224,50
"1051",51,3.35575856309435,50
"1052",52,2.38833104067723,50
"1053",53,3.03048214296843,50
"1054",54,2.79257708376535,50
"1055",55,2.44627349630417,50
"1056",56,3.262147911658,50
"1057",57,3.08600095637195,50
"1058",58,2.39697641695698,50
"1059",59,3.55943711383461,50
"1060",60,3.14240546569705,50
"1061",61,2.46902633249699,50
"1062",62,3.1052925729608,50
"1063",63,2.66676213745643,50
"1064",64,2.67625256721173,50
"1065",65,3.24784079657938,50
"1066",66,3.69760562635671,50
"1067",67,3.16877689378852,50
"1068",68,3.07776352531562,50
"1069",69,3.12676544437675,50
"1070",70,3.15532761924892,50
"1071",71,3.15011047886383,50
"1072",72,2.33609947082831,50
"1073",73,2.45873045287066,50
"1074",74,2.74146718322765,50
"1075",75,3.14699954552018,50
"1076",76,2.48217243461636,50
"1077",77,2.90372657863366,50
"1078",78,2.61343856594219,50
"1079",79,2.74669951947507,50
"1080",80,2.42272526072115,50
"1081",81,3.69481700178377,50
"1082",82,2.88809253866005,50
"1083",83,2.40543865756216,50
"1084",84,2.69488951782649,50
"1085",85,2.61707011080677,50
"1086",86,3.42680190818515,50
"1087",87,3.09754550642535,50
"1088",88,3.30023726357933,50
"1089",89,2.80048448147773,50
"1090",90,3.43367540589671,50
"1091",91,3.07949318156916,50
"1092",92,3.23547248504364,50
"1093",93,2.6502969203709,50
"1094",94,3.1413478185842,50
"1095",95,2.55458799539073,50
"1096",96,3.14076754629572,50
"1097",97,2.64664356370952,50
"1098",98,2.82907403628292,50
"1099",99,3.12184988877039,50
"1100",100,2.77935562755439,50
"1101",101,2.9559142402666,50
"1102",102,3.08197453690031,50
"1103",103,2.64804717964827,50
"1104",104,2.91910980349566,50
"1105",105,3.49876384556944,50
"1106",106,3.19301330779409,50
"1107",107,2.67891274521603,50
"1108",108,3.44153547129771,50
"1109",109,2.85839787679554,50
"1110",110,3.43069720962328,50
"1111",111,3.48629401651181,50
"1112",112,3.22442615663159,50
"1113",113,2.88517231809408,50
"1114",114,2.87483805231563,50
"1115",115,3.30558201349577,50
"1116",116,2.66634244823691,50
"1117",117,3.34106978152002,50
"1118",118,2.74365893600505,50
"1119",119,3.03658840600966,50
"1120",120,2.83956738036443,50
"1121",121,2.98769894309471,50
"1122",122,3.43757688074094,50
"1123",123,3.12002594851113,50
"1124",124,3.37755939106563,50
"1125",125,3.07206734262139,50
"1126",126,3.7285294519901,50
"1127",127,3.35114716923436,50
"1128",128,3.20270716327935,50
"1129",129,2.95477388464092,50
"1130",130,2.79067940470325,50
"1131",131,3.07854288514883,50
"1132",132,3.19250885475889,50
"1133",133,2.9644017670841,50
"1134",134,2.67425815685107,50
"1135",135,3.31955130744333,50
"1136",136,3.14068619794517,50
"1137",137,3.00922725716499,50
"1138",138,2.76937257204208,50
"1139",139,2.73424861228226,50
"1140",140,2.46024728261164,50
"1141",141,2.24431622850891,50
"1142",142,2.91306413546594,50
"1143",143,2.9624662074409,50
"1144",144,2.61890141080678,50
"1145",145,3.03927709243621,50
"1146",146,2.88809502214855,50
"1147",147,3.99720479811034,50
"1148",148,3.62526702731062,50
"1149",149,3.0165578607289,50
"1150",150,2.84403122399121,50
"1151",151,3.00023582757804,50
"1152",152,2.96260939631088,50
"1153",153,2.98712349918702,50
"1154",154,3.36669389998605,50
"1155",155,3.20010393129854,50
"1156",156,2.89734535174987,50
"1157",157,3.25234931882147,50
"1158",158,2.35319178443572,50
"1159",159,3.21121927758282,50
"1160",160,3.19349972397408,50
"1161",161,2.89424234315309,50
"1162",162,3.05301983209213,50
"1163",163,3.33804223983359,50
"1164",164,2.85489176712362,50
"1165",165,3.3995873502359,50
"1166",166,3.10695039566444,50
"1167",167,3.09384613710382,50
"1168",168,3.16083631834042,50
"1169",169,3.20468620071005,50
"1170",170,2.46909136761518,50
"1171",171,3.19424436903625,50
"1172",172,3.77953789540876,50
"1173",173,3.05963425813517,50
"1174",174,2.86656625947882,50
"1175",175,2.98461446625637,50
"1176",176,3.49328463778281,50
"1177",177,2.71509788931781,50
"1178",178,2.8862820036225,50
"1179",179,2.82050371569391,50
"1180",180,3.11975695590081,50
"1181",181,2.96485851480322,50
"1182",182,3.5405987042849,50
"1183",183,3.04446298942802,50
"1184",184,2.80837298057679,50
"1185",185,2.6584568182964,50
"1186",186,2.52419141328751,50
"1187",187,3.04386725734347,50
"1188",188,2.42678317182242,50
"1189",189,2.83449232110891,50
"1190",190,2.79422187853452,50
"1191",191,3.01604592371682,50
"1192",192,3.54142106709488,50
"1193",193,3.2334776176956,50
"1194",194,2.66654099361325,50
"1195",195,2.50289357189098,50
"1196",196,3.42005266929882,50
"1197",197,3.1605573087057,50
"1198",198,3.03840538882946,50
"1199",199,2.27675602453423,50
"1200",200,3.33795425612195,50
"1201",201,3.37847470460216,50
"1202",202,3.03893600551447,50
"1203",203,2.78463517307648,50
"1204",204,3.19855881969854,50
"1205",205,2.8955541975601,50
"1206",206,2.39513406275615,50
"1207",207,3.02717532914709,50
"1208",208,2.58843729416346,50
"1209",209,3.68335155283531,50
"1210",210,2.89875013689013,50
"1211",211,3.74708675957838,50
"1212",212,3.27203589648166,50
"1213",213,2.99364079663031,50
"1214",214,3.88040852876875,50
"1215",215,2.85740685968777,50
"1216",216,2.43743670700716,50
"1217",217,3.06734439645188,50
"1218",218,3.13290843847754,50
"1219",219,3.16067152444095,50
"1220",220,2.77741982934573,50
"1221",221,3.1500479820549,50
"1222",222,2.6719837864046,50
"1223",223,2.53067446164979,50
"1224",224,3.17779686788477,50
"1225",225,3.47330299952909,50
"1226",226,3.22638330436524,50
"1227",227,2.55310365426311,50
"1228",228,3.00829935214417,50
"1229",229,3.13069519123001,50
"1230",230,3.14199724450435,50
"1231",231,3.22688934810946,50
"1232",232,3.16574894040354,50
"1233",233,3.14674070438515,50
"1234",234,2.81220079361769,50
"1235",235,2.68329824794147,50
"1236",236,2.79894880395686,50
"1237",237,2.96847175655952,50
"1238",238,2.30761491977382,50
"1239",239,3.25827750608681,50
"1240",240,3.03281965916391,50
"1241",241,3.78106144410102,50
"1242",242,3.35034039003482,50
"1243",243,3.15853030130453,50
"1244",244,3.13584949931127,50
"1245",245,2.65598981516084,50
"1246",246,3.14559962942676,50
"1247",247,3.09491149438235,50
"1248",248,3.06935395748312,50
"1249",249,2.97315571499551,50
"1250",250,2.91840820381355,50
"1251",251,2.9376643526663,50
"1252",252,2.87134887363585,50
"1253",253,2.78712763790538,50
"1254",254,3.46183010326088,50
"1255",255,3.53948329992202,50
"1256",256,3.33762455558356,50
"1257",257,2.67171600488397,50
"1258",258,2.64952292907204,50
"1259",259,2.60117043003843,50
"1260",260,2.81662792393749,50
"1261",261,3.28045784585691,50
"1262",262,2.98266461170338,50
"1263",263,3.00167554223637,50
"1264",264,2.73741282537484,50
"1265",265,2.79943420701642,50
"1266",266,3.11940017759797,50
"1267",267,3.31090933334903,50
"1268",268,2.85965327982683,50
"1269",269,3.02352890014682,50
"1270",270,3.08490481905137,50
"1271",271,3.26986102349529,50
"1272",272,3.6137699449319,50
"1273",273,2.70109803388352,50
"1274",274,2.38463022626102,50
"1275",275,3.67465211544744,50
"1276",276,2.92803745649775,50
"1277",277,2.40395333776445,50
"1278",278,3.34495408454243,50
"1279",279,2.80875320596562,50
"1280",280,2.8270313492003,50
"1281",281,3.09105246839021,50
"1282",282,3.31056892116416,50
"1283",283,3.32392293200255,50
"1284",284,2.87102876670014,50
"1285",285,2.66817641825597,50
"1286",286,2.93571405032716,50
"1287",287,2.31597907931775,50
"1288",288,2.49214829768877,50
"1289",289,3.19082065977883,50
"1290",290,2.69034701190849,50
"1291",291,3.02773080338716,50
"1292",292,2.97025966367854,50
"1293",293,2.93746807902339,50
"1294",294,2.85304029436744,50
"1295",295,2.91154535486397,50
"1296",296,3.46353238374418,50
"1297",297,2.91515915415613,50
"1298",298,3.14934692094476,50
"1299",299,3.1330992268553,50
"1300",300,3.07864049522829,50
"1301",301,3.14001010918027,50
"1302",302,3.19212243773605,50
"1303",303,3.1021242399465,50
"1304",304,2.89133397164757,50
"1305",305,2.53452176886235,50
"1306",306,2.94090858860832,50
"1307",307,2.82970100344398,50
"1308",308,2.84929381008782,50
"1309",309,2.54166954827016,50
"1310",310,3.1865031244983,50
"1311",311,2.66160361754923,50
"1312",312,3.26709857283508,50
"1313",313,2.96462257625984,50
"1314",314,2.83543154289258,50
"1315",315,3.36237919097518,50
"1316",316,2.79055059725713,50
"1317",317,3.10198268400848,50
"1318",318,2.78668002979623,50
"1319",319,2.75420886715911,50
"1320",320,3.11491367463623,50
"1321",321,2.77891161856833,50
"1322",322,2.92217825302694,50
"1323",323,3.63853346667982,50
"1324",324,2.96930776597747,50
"1325",325,3.14082053494503,50
"1326",326,2.50651725787171,50
"1327",327,2.75057685171226,50
"1328",328,2.96561409534627,50
"1329",329,3.3465511995012,50
"1330",330,3.42210302702113,50
"1331",331,2.91180547464003,50
"1332",332,2.40291355976243,50
"1333",333,3.07052489321951,50
"1334",334,2.98525765232517,50
"1335",335,3.2367888044396,50
"1336",336,2.27392506846421,50
"1337",337,3.01304145230447,50
"1338",338,3.2194102404296,50
"1339",339,3.36088820596419,50
"1340",340,2.90810815904575,50
"1341",341,3.14059620839015,50
"1342",342,2.38309580686536,50
"1343",343,2.36739181252166,50
"1344",344,3.15317907926462,50
"1345",345,2.85043720256421,50
"1346",346,3.67843918033473,50
"1347",347,2.78450946016782,50
"1348",348,3.4791407887203,50
"1349",349,3.49941920943615,50
"1350",350,2.40794955624216,50
"1351",351,2.87447566088386,50
"1352",352,3.05459942681256,50
"1353",353,3.4191024012447,50
"1354",354,2.95099145832236,50
"1355",355,3.09794869292208,50
"1356",356,3.14182728340156,50
"1357",357,2.74115304525405,50
"1358",358,2.88072693778649,50
"1359",359,2.74796306818598,50
"1360",360,2.61887011548976,50
"1361",361,2.84777439668604,50
"1362",362,3.43267356848101,50
"1363",363,2.85563315685463,50
"1364",364,2.89611217643782,50
"1365",365,3.26908747090817,50
"1366",366,2.64541039534472,50
"1367",367,2.25365406326649,50
"1368",368,3.24912269428061,50
"1369",369,3.86902924601144,50
"1370",370,2.61948602979441,50
"1371",371,3.0955731531726,50
"1372",372,3.06881824167983,50
"1373",373,2.67048649286671,50
"1374",374,3.10432578110496,50
"1375",375,2.92119552845515,50
"1376",376,3.12552060044332,50
"1377",377,3.09271488333579,50
"1378",378,3.37964128674593,50
"1379",379,3.53117982814872,50
"1380",380,2.99750536461071,50
"1381",381,2.97871065921622,50
"1382",382,2.6540509527238,50
"1383",383,2.8964266001808,50
"1384",384,3.00706102908351,50
"1385",385,2.55949868350357,50
"1386",386,2.61965066736924,50
"1387",387,3.08907394907419,50
"1388",388,3.53835213159276,50
"1389",389,3.4909119945737,50
"1390",390,3.61158326183941,50
"1391",391,3.51494444621894,50
"1392",392,2.9366617684556,50
"1393",393,2.34627473297191,50
"1394",394,2.95027902968666,50
"1395",395,3.23302037488541,50
"1396",396,2.8916556792136,50
"1397",397,3.06769624911056,50
"1398",398,3.16051206082725,50
"1399",399,3.17293440221929,50
"1400",400,3.64627759129431,50
"1401",401,3.15489108634609,50
"1402",402,3.24719090477723,50
"1403",403,3.6197240742967,50
"1404",404,3.10684593755994,50
"1405",405,3.0960258821703,50
"1406",406,3.02338884204637,50
"1407",407,2.92123474357161,50
"1408",408,3.75458785769039,50
"1409",409,3.00791839279735,50
"1410",410,2.68264134901434,50
"1411",411,2.97183526747588,50
"1412",412,2.81523256182233,50
"1413",413,2.95711433939332,50
"1414",414,2.67196581683126,50
"1415",415,2.51723866093093,50
"1416",416,3.20487727666558,50
"1417",417,3.04129590744322,50
"1418",418,2.80001934889026,50
"1419",419,3.33462454127308,50
"1420",420,2.93770333962539,50
"1421",421,2.74139906184638,50
"1422",422,2.92762303216612,50
"1423",423,3.48901793006219,50
"1424",424,2.91090324277395,50
"1425",425,3.28274156379326,50
"1426",426,2.76749341037667,50
"1427",427,2.66494441834454,50
"1428",428,3.08767364517542,50
"1429",429,2.6991264664612,50
"1430",430,3.23704312527306,50
"1431",431,2.62095124886277,50
"1432",432,2.48492848573757,50
"1433",433,2.86765682043901,50
"1434",434,3.57290982214717,50
"1435",435,3.32036039064975,50
"1436",436,2.72106017152433,50
"1437",437,3.1988239338314,50
"1438",438,2.55760111559532,50
"1439",439,2.81354684820621,50
"1440",440,2.97750468808636,50
"1441",441,2.68241174949022,50
"1442",442,3.14023454149814,50
"1443",443,3.08713355874369,50
"1444",444,3.04418100663731,50
"1445",445,3.78204065175676,50
"1446",446,3.19250493953802,50
"1447",447,2.85186596590015,50
"1448",448,2.37490378310678,50
"1449",449,3.14556993760982,50
"1450",450,3.28665727177155,50
"1451",451,4.16130910298083,50
"1452",452,3.07103254441622,50
"1453",453,2.59149171379504,50
"1454",454,3.08197006902999,50
"1455",455,3.15077101042664,50
"1456",456,2.90609080876579,50
"1457",457,2.93843294205776,50
"1458",458,2.52961394446866,50
"1459",459,2.64609862673495,50
"1460",460,3.58190774403849,50
"1461",461,2.85729087510769,50
"1462",462,2.88855049928972,50
"1463",463,2.66915781065118,50
"1464",464,3.49593336511285,50
"1465",465,2.96234248911653,50
"1466",466,3.6001927154046,50
"1467",467,2.97801189287252,50
"1468",468,3.36337622680092,50
"1469",469,2.37455263240222,50
"1470",470,2.23213659844451,50
"1471",471,2.95226460342486,50
"1472",472,3.33947721110808,50
"1473",473,3.23726168617413,50
"1474",474,2.75854574737197,50
"1475",475,3.1122223709462,50
"1476",476,3.0926246293136,50
"1477",477,3.68144103663913,50
"1478",478,3.05773506123781,50
"1479",479,3.17236854984243,50
"1480",480,2.60102905932438,50
"1481",481,3.11233910428685,50
"1482",482,2.92607086262681,50
"1483",483,2.17229150845052,50
"1484",484,3.11937673323226,50
"1485",485,2.81972180587308,50
"1486",486,2.96523555088576,50
"1487",487,2.55383628709612,50
"1488",488,2.91368212692341,50
"1489",489,2.81978232119855,50
"1490",490,2.48763191873344,50
"1491",491,3.23277157205579,50
"1492",492,2.74557090696398,50
"1493",493,3.0930449992625,50
"1494",494,2.97248630073421,50
"1495",495,2.81217416585136,50
"1496",496,3.55802094077095,50
"1497",497,2.73558851792886,50
"1498",498,3.15477684307803,50
"1499",499,3.31051323642118,50
"1500",500,3.26488465130788,50
"1501",1,3.00908694258579,100
"1502",2,2.89327670593292,100
"1503",3,2.63513988795762,100
"1504",4,2.84625017955524,100
"1505",5,3.12111024776901,100
"1506",6,2.85085776009045,100
"1507",7,3.02733947816992,100
"1508",8,2.81500576018651,100
"1509",9,3.01473031293482,100
"1510",10,2.87644668623622,100
"1511",11,3.15078627475573,100
"1512",12,3.2328939669852,100
"1513",13,2.82019879279229,100
"1514",14,3.18044737632403,100
"1515",15,2.62056030325113,100
"1516",16,3.14509007212691,100
"1517",17,3.2024388358747,100
"1518",18,3.07301441624335,100
"1519",19,3.23204257059216,100
"1520",20,2.7390169506453,100
"1521",21,2.98496692159261,100
"1522",22,2.4795822320262,100
"1523",23,3.42045656952792,100
"1524",24,2.91436015861265,100
"1525",25,2.93455815765286,100
"1526",26,3.05693449068574,100
"1527",27,2.93554196930114,100
"1528",28,3.15112892866832,100
"1529",29,3.1423305039719,100
"1530",30,2.848948390392,100
"1531",31,3.19175489574832,100
"1532",32,2.93532878381572,100
"1533",33,2.85557255981287,100
"1534",34,2.85514247510659,100
"1535",35,3.27451296565845,100
"1536",36,3.56918148293359,100
"1537",37,2.89750350389873,100
"1538",38,3.21134841639896,100
"1539",39,3.21502412210769,100
"1540",40,3.13231024147826,100
"1541",41,3.35946812940694,100
"1542",42,2.82624579406724,100
"1543",43,2.57685024006453,100
"1544",44,3.03439295689083,100
"1545",45,3.24293814359619,100
"1546",46,3.47284093639102,100
"1547",47,2.86995795971216,100
"1548",48,3.32182056348974,100
"1549",49,3.06806534577406,100
"1550",50,2.99527543757627,100
"1551",51,2.9792104139121,100
"1552",52,2.84412407619588,100
"1553",53,3.09423333873851,100
"1554",54,2.48649149914209,100
"1555",55,3.63816840562454,100
"1556",56,3.21607924850864,100
"1557",57,2.90666196862131,100
"1558",58,3.19168105596846,100
"1559",59,3.13828132995727,100
"1560",60,2.85125318529429,100
"1561",61,2.7648111187798,100
"1562",62,3.04888040268154,100
"1563",63,2.94508564621539,100
"1564",64,3.18290854889016,100
"1565",65,3.15052789922533,100
"1566",66,3.18542119538559,100
"1567",67,2.57759398629298,100
"1568",68,3.06748160018305,100
"1569",69,3.10366503947121,100
"1570",70,3.09257926858437,100
"1571",71,2.66449871776683,100
"1572",72,2.97545382817896,100
"1573",73,2.99656748123448,100
"1574",74,3.02149274987152,100
"1575",75,2.79586869033922,100
"1576",76,3.2340896353352,100
"1577",77,2.95829479299415,100
"1578",78,2.93161739396649,100
"1579",79,2.9485346664361,100
"1580",80,2.76634512521275,100
"1581",81,3.31527329210758,100
"1582",82,3.1898744730316,100
"1583",83,3.33418957858369,100
"1584",84,3.09270693256305,100
"1585",85,3.32230557387296,100
"1586",86,2.72650065560087,100
"1587",87,3.38555008797224,100
"1588",88,3.09863571732796,100
"1589",89,2.93193883469354,100
"1590",90,3.1811900347018,100
"1591",91,3.41071904468809,100
"1592",92,2.73533559170496,100
"1593",93,2.87167181219976,100
"1594",94,3.00574002085643,100
"1595",95,2.99320738541114,100
"1596",96,3.22927642677126,100
"1597",97,2.87400961629838,100
"1598",98,3.2469067868991,100
"1599",99,2.99362180434304,100
"1600",100,3.04674893844141,100
"1601",101,3.20944452274525,100
"1602",102,2.9682976954717,100
"1603",103,2.87766115589583,100
"1604",104,2.83244057529134,100
"1605",105,3.07255204285695,100
"1606",106,2.5416695492583,100
"1607",107,2.99680855407369,100
"1608",108,3.42214211875334,100
"1609",109,3.0649569274068,100
"1610",110,3.04034447303444,100
"1611",111,2.93288918782645,100
"1612",112,3.34669486114169,100
"1613",113,2.86474649430089,100
"1614",114,3.01415563269924,100
"1615",115,2.89309348668777,100
"1616",116,3.51216268552354,100
"1617",117,2.92534103114981,100
"1618",118,3.54731798826765,100
"1619",119,2.82043411993531,100
"1620",120,2.85678301578686,100
"1621",121,3.02493992982455,100
"1622",122,2.70313733344466,100
"1623",123,2.86155621969524,100
"1624",124,3.26732710943966,100
"1625",125,2.88408382289977,100
"1626",126,2.85655860518517,100
"1627",127,3.03324144648213,100
"1628",128,3.0058028714125,100
"1629",129,2.96840669252728,100
"1630",130,3.00963143774337,100
"1631",131,3.24059040247975,100
"1632",132,3.23540558379649,100
"1633",133,3.22817702487509,100
"1634",134,2.91844151274517,100
"1635",135,2.92032255374812,100
"1636",136,3.06812839269187,100
"1637",137,2.86641664794831,100
"1638",138,3.19926439344062,100
"1639",139,2.7389277448988,100
"1640",140,3.32502399347135,100
"1641",141,2.57012283289231,100
"1642",142,2.71974077484303,100
"1643",143,2.9587770917677,100
"1644",144,2.83203030743562,100
"1645",145,3.19348877869789,100
"1646",146,2.81294984810626,100
"1647",147,2.91454456458728,100
"1648",148,3.29534662362006,100
"1649",149,3.04317705900365,100
"1650",150,2.97008588980707,100
"1651",151,3.21231751593184,100
"1652",152,3.07983023018224,100
"1653",153,2.73591863326935,100
"1654",154,2.62072353449437,100
"1655",155,2.96213515575454,100
"1656",156,2.93288272285415,100
"1657",157,3.12798314925024,100
"1658",158,3.03091733786553,100
"1659",159,3.34244437671568,100
"1660",160,2.81753370517439,100
"1661",161,3.52082943995697,100
"1662",162,2.94928161060016,100
"1663",163,2.67611590369241,100
"1664",164,3.12615945139255,100
"1665",165,2.74402907127547,100
"1666",166,3.04100238662607,100
"1667",167,2.93783329705338,100
"1668",168,3.32270049241464,100
"1669",169,2.80273747275439,100
"1670",170,3.00538961947617,100
"1671",171,3.06863004622156,100
"1672",172,2.69067639059626,100
"1673",173,3.19087928778114,100
"1674",174,2.65142840339285,100
"1675",175,2.77754059309013,100
"1676",176,2.91391092305608,100
"1677",177,3.00525312096512,100
"1678",178,2.99390982703344,100
"1679",179,3.05706021914996,100
"1680",180,3.20141317177404,100
"1681",181,3.20081580609831,100
"1682",182,3.34149718243142,100
"1683",183,2.79683926246541,100
"1684",184,2.93905529398782,100
"1685",185,2.96191411201125,100
"1686",186,2.97655440716454,100
"1687",187,2.70023166470613,100
"1688",188,2.73681804847356,100
"1689",189,3.36276228901028,100
"1690",190,2.75716973213408,100
"1691",191,2.87523383395825,100
"1692",192,2.91047411780454,100
"1693",193,2.66160673604516,100
"1694",194,2.97886085336592,100
"1695",195,3.19437873941257,100
"1696",196,3.01495778275825,100
"1697",197,2.74644905039212,100
"1698",198,2.88972112872149,100
"1699",199,2.78363366756905,100
"1700",200,2.77718945360318,100
"1701",201,3.56696361156916,100
"1702",202,2.9697865785667,100
"1703",203,2.87141966708245,100
"1704",204,3.20821791642797,100
"1705",205,3.02744654385114,100
"1706",206,3.18297437469867,100
"1707",207,3.24184670764768,100
"1708",208,3.47704484989913,100
"1709",209,3.19601286663286,100
"1710",210,3.52736406654875,100
"1711",211,2.9820549282968,100
"1712",212,3.18041827284219,100
"1713",213,2.80228373853137,100
"1714",214,2.96210264117287,100
"1715",215,2.99742080168666,100
"1716",216,2.8229341497624,100
"1717",217,2.78441923805672,100
"1718",218,2.59244023005136,100
"1719",219,3.00188044698101,100
"1720",220,3.12337313629659,100
"1721",221,2.96785938525999,100
"1722",222,2.57206486874527,100
"1723",223,3.07558192862248,100
"1724",224,3.34997431536862,100
"1725",225,2.82013529869367,100
"1726",226,3.19336835319944,100
"1727",227,3.18347303040085,100
"1728",228,3.1930142832633,100
"1729",229,3.05610689541216,100
"1730",230,3.23919379263767,100
"1731",231,3.24418558339099,100
"1732",232,2.73137237448664,100
"1733",233,2.72240099190661,100
"1734",234,3.04936230188188,100
"1735",235,3.28952259833042,100
"1736",236,2.97788602620902,100
"1737",237,3.39096140169293,100
"1738",238,3.17716529026952,100
"1739",239,2.91218019601631,100
"1740",240,2.60327883880152,100
"1741",241,3.14044157449181,100
"1742",242,2.92407247496797,100
"1743",243,3.00034405694125,100
"1744",244,3.18710524104889,100
"1745",245,3.02166646475241,100
"1746",246,2.9550286200459,100
"1747",247,3.05892211871851,100
"1748",248,2.92265960072545,100
"1749",249,2.98194300679157,100
"1750",250,3.15132730754223,100
"1751",251,2.84708862697945,100
"1752",252,3.3278290182663,100
"1753",253,2.77271794111142,100
"1754",254,3.01785720767147,100
"1755",255,2.72549014694729,100
"1756",256,2.93663250050391,100
"1757",257,3.13050840534424,100
"1758",258,3.02743414137341,100
"1759",259,2.95627765669131,100
"1760",260,3.2770036585197,100
"1761",261,2.92315444597826,100
"1762",262,2.7000816570243,100
"1763",263,3.51859046900119,100
"1764",264,3.55504955170613,100
"1765",265,2.60220852443697,100
"1766",266,2.84604062892254,100
"1767",267,3.43116996747513,100
"1768",268,2.94977627709672,100
"1769",269,2.92843099748475,100
"1770",270,3.1510890149903,100
"1771",271,2.94834387130595,100
"1772",272,3.27735108905421,100
"1773",273,3.07357055977286,100
"1774",274,2.87233177692745,100
"1775",275,3.05951098225038,100
"1776",276,2.98181656310891,100
"1777",277,2.74908066619993,100
"1778",278,2.95100536952284,100
"1779",279,2.95799381953634,100
"1780",280,2.8910011063247,100
"1781",281,2.88724702389189,100
"1782",282,3.12325654790108,100
"1783",283,3.20240936753684,100
"1784",284,2.703855153857,100
"1785",285,2.96273359158168,100
"1786",286,3.05113661400092,100
"1787",287,3.09976755619566,100
"1788",288,2.86490052044382,100
"1789",289,3.35821101738398,100
"1790",290,3.00421712506954,100
"1791",291,3.32993471468211,100
"1792",292,3.3520548752141,100
"1793",293,2.78921655501867,100
"1794",294,2.66949649554395,100
"1795",295,2.56292336540575,100
"1796",296,2.79800680445624,100
"1797",297,2.84930164522329,100
"1798",298,3.69340693250046,100
"1799",299,3.02096100507342,100
"1800",300,3.33773246610996,100
"1801",301,3.11142189792748,100
"1802",302,3.47397147621155,100
"1803",303,3.16346391483372,100
"1804",304,3.42325467763594,100
"1805",305,2.804429105193,100
"1806",306,2.77950287280531,100
"1807",307,2.94119499706766,100
"1808",308,3.00748991909112,100
"1809",309,3.51969016997807,100
"1810",310,3.19237478292118,100
"1811",311,2.91692664648672,100
"1812",312,3.10262059412812,100
"1813",313,3.0548390979635,100
"1814",314,3.06435599354303,100
"1815",315,3.03184986822813,100
"1816",316,3.11708203378007,100
"1817",317,3.35540262713951,100
"1818",318,2.8789690889041,100
"1819",319,2.82077051404318,100
"1820",320,3.12042238196604,100
"1821",321,2.92818224816661,100
"1822",322,3.40247107127762,100
"1823",323,2.87116248299788,100
"1824",324,3.27027683147083,100
"1825",325,2.49432311789833,100
"1826",326,2.92262399856251,100
"1827",327,3.1635241356124,100
"1828",328,2.69882239887291,100
"1829",329,2.42838949263345,100
"1830",330,2.75553231390281,100
"1831",331,2.65921290208951,100
"1832",332,2.8826386372799,100
"1833",333,2.62481377617897,100
"1834",334,3.57536112146237,100
"1835",335,2.7802246423271,100
"1836",336,3.1147192130372,100
"1837",337,3.27599713075781,100
"1838",338,2.87576186402905,100
"1839",339,3.22989853594611,100
"1840",340,2.90457065912109,100
"1841",341,3.20761490712191,100
"1842",342,2.91199972538434,100
"1843",343,2.80876603279208,100
"1844",344,2.7747507525458,100
"1845",345,3.02333901992547,100
"1846",346,3.13995055140635,100
"1847",347,3.18918109166341,100
"1848",348,2.88035181007152,100
"1849",349,3.30098083535263,100
"1850",350,2.72869281759457,100
"1851",351,3.39852305897589,100
"1852",352,3.1162269169796,100
"1853",353,2.81971878851234,100
"1854",354,3.0397521961413,100
"1855",355,3.23473854766107,100
"1856",356,3.16684830760483,100
"1857",357,2.69672848380376,100
"1858",358,3.03128423709886,100
"1859",359,3.40819669195132,100
"1860",360,2.93298209195324,100
"1861",361,3.21475654443489,100
"1862",362,2.8419021883896,100
"1863",363,3.04367731785263,100
"1864",364,2.81843603658476,100
"1865",365,2.64120370772611,100
"1866",366,3.10107437475041,100
"1867",367,2.78130356233397,100
"1868",368,2.69518661429253,100
"1869",369,2.88375807018883,100
"1870",370,3.4297982482509,100
"1871",371,3.56810561783736,100
"1872",372,2.76188527932639,100
"1873",373,3.44331989936096,100
"1874",374,2.55105085933003,100
"1875",375,3.64224638077476,100
"1876",376,3.03061534947398,100
"1877",377,3.17194808137448,100
"1878",378,3.16280118668923,100
"1879",379,3.4492177740595,100
"1880",380,3.36837783433349,100
"1881",381,2.91166606456009,100
"1882",382,2.57027363839898,100
"1883",383,3.2783918339606,100
"1884",384,2.67827184621521,100
"1885",385,2.70385261892392,100
"1886",386,3.07944895773609,100
"1887",387,3.05252494007995,100
"1888",388,3.17403451341085,100
"1889",389,3.30319938514169,100
"1890",390,2.50235680015725,100
"1891",391,2.8963690128121,100
"1892",392,3.42472042008291,100
"1893",393,2.66150889376914,100
"1894",394,3.14173143538127,100
"1895",395,2.93460682878062,100
"1896",396,2.94676478909501,100
"1897",397,2.89408937314695,100
"1898",398,2.48711502429537,100
"1899",399,2.97678203013516,100
"1900",400,2.80292135191297,100
"1901",401,3.02746276222001,100
"1902",402,3.28683660162196,100
"1903",403,2.72397551704416,100
"1904",404,3.021694934318,100
"1905",405,3.20751825795052,100
"1906",406,2.8787318732581,100
"1907",407,2.7865641749109,100
"1908",408,3.25219714758093,100
"1909",409,3.56304157093263,100
"1910",410,3.2733152915807,100
"1911",411,3.37578235987249,100
"1912",412,3.17292139772632,100
"1913",413,3.17916818638504,100
"1914",414,2.75277194062875,100
"1915",415,3.3432933500791,100
"1916",416,2.8714092206696,100
"1917",417,2.48836097062583,100
"1918",418,2.71734857138576,100
"1919",419,3.17945777125181,100
"1920",420,2.78392333896788,100
"1921",421,3.03310620469406,100
"1922",422,2.8789907353731,100
"1923",423,2.8435407014323,100
"1924",424,2.91750872118833,100
"1925",425,3.09706760030067,100
"1926",426,2.66427015593838,100
"1927",427,2.5924405538663,100
"1928",428,2.88826735436352,100
"1929",429,3.04993154620479,100
"1930",430,3.06401635365604,100
"1931",431,3.08177915569717,100
"1932",432,2.92317838545071,100
"1933",433,2.71518800268097,100
"1934",434,3.33786672694426,100
"1935",435,2.78411278621889,100
"1936",436,3.47165212632395,100
"1937",437,3.22407859573296,100
"1938",438,3.20864671236978,100
"1939",439,3.23048015707609,100
"1940",440,3.41525695681365,100
"1941",441,3.17583177729333,100
"1942",442,3.58948950504973,100
"1943",443,3.27807681325963,100
"1944",444,3.05699397117102,100
"1945",445,2.74614402760452,100
"1946",446,3.07062924785351,100
"1947",447,3.22626884303583,100
"1948",448,3.06824794759408,100
"1949",449,3.1183518866687,100
"1950",450,2.74782290406965,100
"1951",451,3.19499526704007,100
"1952",452,2.76991494010988,100
"1953",453,2.84870896301548,100
"1954",454,3.12187312545742,100
"1955",455,3.10580031515709,100
"1956",456,2.73348604090695,100
"1957",457,2.94594143661733,100
"1958",458,2.99117514816107,100
"1959",459,3.12410431079151,100
"1960",460,2.95752731794221,100
"1961",461,3.13627437645279,100
"1962",462,3.44161865962319,100
"1963",463,2.78370928045973,100
"1964",464,2.7676793401347,100
"1965",465,3.16350331105136,100
"1966",466,3.22251809384809,100
"1967",467,3.23524719425817,100
"1968",468,3.5360119415126,100
"1969",469,3.22901733959662,100
"1970",470,3.27575344296815,100
"1971",471,2.63367201693257,100
"1972",472,3.39199005208508,100
"1973",473,3.14890135402593,100
"1974",474,2.82015013368753,100
"1975",475,3.01199101655268,100
"1976",476,3.32651965760143,100
"1977",477,3.1238680640657,100
"1978",478,2.93128320736967,100
"1979",479,3.14655468468298,100
"1980",480,3.54952982099627,100
"1981",481,2.96628116468557,100
"1982",482,3.09887417836436,100
"1983",483,2.71895631952891,100
"1984",484,3.15651725979965,100
"1985",485,2.94265302481764,100
"1986",486,2.99347045122997,100
"1987",487,3.05350240562538,100
"1988",488,2.66437465716116,100
"1989",489,2.58921362433408,100
"1990",490,2.82888715074917,100
"1991",491,2.92907436996696,100
"1992",492,3.13813003307101,100
"1993",493,2.67979778489115,100
"1994",494,2.83124338298471,100
"1995",495,2.93940477675013,100
"1996",496,3.35706753454773,100
"1997",497,2.80298221671638,100
"1998",498,2.63138535055567,100
"1999",499,3.011671477778,100
"2000",500,2.99524104645624,100
"2001",1,3.07018508363262,300
"2002",2,2.89348848225466,300
"2003",3,3.07158373439459,300
"2004",4,2.97267575834797,300
"2005",5,3.07237182727189,300
"2006",6,3.06095256571271,300
"2007",7,2.77659817541699,300
"2008",8,3.08402456681622,300
"2009",9,2.83382187501237,300
"2010",10,3.21723405864478,300
"2011",11,3.19342941118199,300
"2012",12,3.05977621499255,300
"2013",13,2.92391860211707,300
"2014",14,3.05866288017626,300
"2015",15,3.25938722516681,300
"2016",16,3.04775313235531,300
"2017",17,3.06606338130446,300
"2018",18,2.92747821677625,300
"2019",19,3.31030839085613,300
"2020",20,2.92652220991639,300
"2021",21,3.18144442022921,300
"2022",22,2.80669024596761,300
"2023",23,3.0826536049885,300
"2024",24,2.97743502336003,300
"2025",25,2.81249990265816,300
"2026",26,2.90243785556093,300
"2027",27,2.9681074916149,300
"2028",28,3.13178139984964,300
"2029",29,3.15271505711614,300
"2030",30,2.74954874974799,300
"2031",31,3.21172040375531,300
"2032",32,2.96056873119916,300
"2033",33,2.96038267722734,300
"2034",34,3.06195944704413,300
"2035",35,2.77057842594502,300
"2036",36,2.85248291601993,300
"2037",37,3.14521400444445,300
"2038",38,3.20467414320123,300
"2039",39,2.9907364738767,300
"2040",40,3.08915738903617,300
"2041",41,3.14915754463289,300
"2042",42,2.72776242624536,300
"2043",43,2.83486999663084,300
"2044",44,3.1369346700937,300
"2045",45,2.86580518216232,300
"2046",46,3.13461582324693,300
"2047",47,3.15527899926603,300
"2048",48,2.94113240341372,300
"2049",49,2.89227450530438,300
"2050",50,3.12381482093579,300
"2051",51,3.04462962774909,300
"2052",52,3.08446564647906,300
"2053",53,2.9193270996862,300
"2054",54,3.28973404583424,300
"2055",55,2.80161962443906,300
"2056",56,3.20252417463713,300
"2057",57,3.21626351321532,300
"2058",58,2.83592309411648,300
"2059",59,2.84409224912546,300
"2060",60,3.22127471556709,300
"2061",61,2.89439580036928,300
"2062",62,3.18896286066601,300
"2063",63,3.01708510049607,300
"2064",64,2.906346590008,300
"2065",65,2.87306296402269,300
"2066",66,3.08143998550481,300
"2067",67,3.0344750833347,300
"2068",68,2.85946504798272,300
"2069",69,3.03484807153979,300
"2070",70,3.20375499485938,300
"2071",71,2.93082413678373,300
"2072",72,2.8935358373644,300
"2073",73,3.02475112589677,300
"2074",74,3.19025419211564,300
"2075",75,3.00670046100422,300
"2076",76,2.94070311752086,300
"2077",77,3.00123042511781,300
"2078",78,3.01392995975967,300
"2079",79,2.82393010210071,300
"2080",80,2.8385370658894,300
"2081",81,2.84151109256496,300
"2082",82,2.82439621677701,300
"2083",83,3.24003075832642,300
"2084",84,3.23807855199851,300
"2085",85,3.22152418959179,300
"2086",86,2.98924718592373,300
"2087",87,2.99718126973565,300
"2088",88,2.78109281930189,300
"2089",89,3.16443357530264,300
"2090",90,2.91991459644998,300
"2091",91,3.13120397760983,300
"2092",92,3.21427033483973,300
"2093",93,3.01887728632497,300
"2094",94,2.97214186944499,300
"2095",95,3.03240758973536,300
"2096",96,2.94631675230067,300
"2097",97,3.13521350893025,300
"2098",98,3.06901821716191,300
"2099",99,3.06831274971344,300
"2100",100,3.13218981028562,300
"2101",101,2.94042463189088,300
"2102",102,2.98058917831217,300
"2103",103,3.17043312379547,300
"2104",104,3.10390343661586,300
"2105",105,3.06725942876396,300
"2106",106,3.04939366239596,300
"2107",107,3.17367085626178,300
"2108",108,3.24428793194575,300
"2109",109,2.89950917086202,300
"2110",110,3.21528511373042,300
"2111",111,3.03834609032913,300
"2112",112,3.01619326161002,300
"2113",113,2.93822285518793,300
"2114",114,2.82237263968571,300
"2115",115,3.03978753699602,300
"2116",116,3.27184479828749,300
"2117",117,2.95926183282553,300
"2118",118,3.04763166770759,300
"2119",119,2.60415368598875,300
"2120",120,2.81819018961632,300
"2121",121,2.7843227054839,300
"2122",122,2.95675435847973,300
"2123",123,3.0836182624884,300
"2124",124,2.90664378375963,300
"2125",125,2.88806752813345,300
"2126",126,3.06903552032696,300
"2127",127,3.11213928448148,300
"2128",128,3.01379208652489,300
"2129",129,3.07516538460087,300
"2130",130,3.0517470991634,300
"2131",131,2.99333395014574,300
"2132",132,3.04780367177053,300
"2133",133,2.91098997357179,300
"2134",134,3.16248714582338,300
"2135",135,2.97281515848314,300
"2136",136,3.15509270301889,300
"2137",137,2.70361356194369,300
"2138",138,3.10032933204007,300
"2139",139,2.88817628480476,300
"2140",140,2.8272957957644,300
"2141",141,3.23778313733129,300
"2142",142,3.05131993044836,300
"2143",143,3.20138733983194,300
"2144",144,2.70446186995758,300
"2145",145,2.85343053614728,300
"2146",146,2.86240845463466,300
"2147",147,2.81847037966861,300
"2148",148,3.16460563277358,300
"2149",149,2.83903322576887,300
"2150",150,3.27368006342882,300
"2151",151,3.06496115967789,300
"2152",152,2.91404891785146,300
"2153",153,2.86784447641368,300
"2154",154,3.00625194741791,300
"2155",155,2.84119289731275,300
"2156",156,3.19727644967805,300
"2157",157,2.78311161856332,300
"2158",158,2.94944090426813,300
"2159",159,3.19569034989947,300
"2160",160,3.22414660557852,300
"2161",161,2.9076154632772,300
"2162",162,3.00345285004994,300
"2163",163,2.96515795910898,300
"2164",164,2.88712834837471,300
"2165",165,2.94372156549339,300
"2166",166,3.18835383383549,300
"2167",167,2.98566220116256,300
"2168",168,3.14450865203097,300
"2169",169,3.02697498060198,300
"2170",170,3.1622154904651,300
"2171",171,3.1401850091951,300
"2172",172,3.07426384466826,300
"2173",173,3.08996038110116,300
"2174",174,3.04070544608311,300
"2175",175,3.11714788017797,300
"2176",176,2.77923724280882,300
"2177",177,3.12079070176851,300
"2178",178,2.89145903358649,300
"2179",179,2.98810198115149,300
"2180",180,2.96965083775301,300
"2181",181,2.78675765455627,300
"2182",182,2.98200494128638,300
"2183",183,3.04845831518915,300
"2184",184,3.03371439414574,300
"2185",185,3.31671294000309,300
"2186",186,2.98970263381311,300
"2187",187,2.79780897647512,300
"2188",188,2.90352927830831,300
"2189",189,3.08799208353302,300
"2190",190,3.13125654984109,300
"2191",191,2.88182126464353,300
"2192",192,3.07155491661567,300
"2193",193,3.01599697740025,300
"2194",194,2.89648488745114,300
"2195",195,3.02261746869788,300
"2196",196,3.05177265262696,300
"2197",197,3.15016547365915,300
"2198",198,3.17851579578034,300
"2199",199,3.06172096386064,300
"2200",200,3.05415285425456,300
"2201",201,3.07699175281381,300
"2202",202,2.95560464615236,300
"2203",203,3.00633366363079,300
"2204",204,3.24209836861933,300
"2205",205,3.04355446500222,300
"2206",206,2.74697211035438,300
"2207",207,2.9918887460884,300
"2208",208,2.86409426042191,300
"2209",209,2.87599270003677,300
"2210",210,3.07589154349071,300
"2211",211,2.78296725420726,300
"2212",212,2.74757522681314,300
"2213",213,2.74269922820724,300
"2214",214,2.9797854864405,300
"2215",215,2.92924844681008,300
"2216",216,2.90258440444737,300
"2217",217,2.98132018309291,300
"2218",218,3.08608258851791,300
"2219",219,2.95060863765757,300
"2220",220,2.97984679733488,300
"2221",221,3.02782343825518,300
"2222",222,3.04244077928763,300
"2223",223,2.77612353179201,300
"2224",224,2.94589965900584,300
"2225",225,2.89591706239357,300
"2226",226,3.07070134381086,300
"2227",227,2.99627635479437,300
"2228",228,2.78034999439472,300
"2229",229,2.88106569902892,300
"2230",230,3.10020784717169,300
"2231",231,3.06103597696587,300
"2232",232,2.97268281215425,300
"2233",233,3.07168059259929,300
"2234",234,2.98377915945045,300
"2235",235,3.18555710020924,300
"2236",236,3.03794837252197,300
"2237",237,3.06869959042395,300
"2238",238,2.98216155457933,300
"2239",239,3.0271782089073,300
"2240",240,3.06371929552994,300
"2241",241,2.90900968081768,300
"2242",242,3.17568220925455,300
"2243",243,3.01192130137239,300
"2244",244,3.06420770050699,300
"2245",245,2.9092584163337,300
"2246",246,3.06313144539613,300
"2247",247,3.06634346569595,300
"2248",248,2.67240382437086,300
"2249",249,3.31170407110632,300
"2250",250,2.83924625517335,300
"2251",251,3.05900792531176,300
"2252",252,2.81939009036537,300
"2253",253,2.91830436059167,300
"2254",254,3.00161452305433,300
"2255",255,3.06458635807537,300
"2256",256,2.98502690394228,300
"2257",257,3.07685267268238,300
"2258",258,3.138526042032,300
"2259",259,2.87926165559939,300
"2260",260,3.04701323410825,300
"2261",261,2.85938312431953,300
"2262",262,3.15762755062223,300
"2263",263,2.95096673970454,300
"2264",264,2.97364374628099,300
"2265",265,3.13098572174959,300
"2266",266,3.09831439670194,300
"2267",267,3.14323266515392,300
"2268",268,3.25465021158999,300
"2269",269,2.9686925134986,300
"2270",270,2.90683042845656,300
"2271",271,2.95844382273421,300
"2272",272,3.21751895604678,300
"2273",273,3.11024004220251,300
"2274",274,2.79855011935122,300
"2275",275,3.03856492080514,300
"2276",276,3.04078350353865,300
"2277",277,2.88516225459879,300
"2278",278,2.9073901324858,300
"2279",279,3.28926258741002,300
"2280",280,2.58329532631994,300
"2281",281,3.03163255595775,300
"2282",282,3.0531544876982,300
"2283",283,3.20868644111491,300
"2284",284,2.96288093261152,300
"2285",285,3.15603032692717,300
"2286",286,2.79071398143515,300
"2287",287,3.06291401997944,300
"2288",288,2.95565057931135,300
"2289",289,3.02570156096622,300
"2290",290,3.03202040648933,300
"2291",291,2.69634002650943,300
"2292",292,2.80510339446846,300
"2293",293,3.04237263788632,300
"2294",294,3.0413298420741,300
"2295",295,2.72192437570709,300
"2296",296,3.03238339653367,300
"2297",297,3.26285387226748,300
"2298",298,3.11065876340897,300
"2299",299,3.07810210583821,300
"2300",300,3.0415439262551,300
"2301",301,3.00407663149113,300
"2302",302,3.31182009894659,300
"2303",303,2.73549565526768,300
"2304",304,2.95154819346326,300
"2305",305,3.0946636380392,300
"2306",306,2.83926272031408,300
"2307",307,3.09508082772208,300
"2308",308,3.10964276241149,300
"2309",309,2.94930387018091,300
"2310",310,3.16667588534299,300
"2311",311,2.9265204168944,300
"2312",312,3.10983137020781,300
"2313",313,3.10060080789338,300
"2314",314,3.17693775598516,300
"2315",315,3.19268727656419,300
"2316",316,3.0837567912581,300
"2317",317,3.09532355493595,300
"2318",318,3.05935988659197,300
"2319",319,3.227144723346,300
"2320",320,2.74794946143829,300
"2321",321,3.04261613561982,300
"2322",322,2.67470914523753,300
"2323",323,2.95518957314163,300
"2324",324,3.2260396799539,300
"2325",325,2.83203563557419,300
"2326",326,2.82442578127602,300
"2327",327,2.97591286196244,300
"2328",328,3.15198930138642,300
"2329",329,2.85375463467317,300
"2330",330,3.11129975061276,300
"2331",331,3.26420468686816,300
"2332",332,2.87087048746762,300
"2333",333,3.14489807383619,300
"2334",334,2.86358743417801,300
"2335",335,3.04454361816805,300
"2336",336,2.9419593720546,300
"2337",337,3.13731375138034,300
"2338",338,3.05525446675296,300
"2339",339,2.86315673434466,300
"2340",340,2.95464428777754,300
"2341",341,3.09905739787463,300
"2342",342,3.18912095058509,300
"2343",343,2.90342651529963,300
"2344",344,3.05085566893608,300
"2345",345,3.11553147485845,300
"2346",346,2.88010515614637,300
"2347",347,2.99981706910606,300
"2348",348,2.85089645785022,300
"2349",349,2.91601214374874,300
"2350",350,3.07615052211394,300
"2351",351,2.83542283150368,300
"2352",352,2.99983906361202,300
"2353",353,3.15860443360844,300
"2354",354,3.18150508781774,300
"2355",355,2.66196663511742,300
"2356",356,3.34692964019887,300
"2357",357,2.91026510924791,300
"2358",358,2.9456784852978,300
"2359",359,2.84557979007846,300
"2360",360,3.26959522223855,300
"2361",361,3.12785986152343,300
"2362",362,2.89849241345873,300
"2363",363,2.93496021718501,300
"2364",364,2.96125173832286,300
"2365",365,3.14972336531092,300
"2366",366,2.96020876975448,300
"2367",367,2.72807452752377,300
"2368",368,2.94152203429583,300
"2369",369,2.72355778341858,300
"2370",370,2.78146587728484,300
"2371",371,2.89374162236288,300
"2372",372,2.95472758148401,300
"2373",373,2.9263989363788,300
"2374",374,2.8772279946521,300
"2375",375,2.77411150098052,300
"2376",376,3.13966219856901,300
"2377",377,2.92680443395752,300
"2378",378,2.9355133871567,300
"2379",379,2.94385760620295,300
"2380",380,3.17754086583223,300
"2381",381,2.91627529846273,300
"2382",382,2.95523736887361,300
"2383",383,3.15677892614912,300
"2384",384,2.92506266743937,300
"2385",385,3.12699438358358,300
"2386",386,3.05914768117813,300
"2387",387,2.90794236998812,300
"2388",388,2.71665056197054,300
"2389",389,3.00666394761369,300
"2390",390,2.84176650793768,300
"2391",391,3.09171314163902,300
"2392",392,3.12533408851841,300
"2393",393,3.07057200707786,300
"2394",394,3.19798355175453,300
"2395",395,3.09162352131951,300
"2396",396,3.23989063977834,300
"2397",397,2.92026567586789,300
"2398",398,3.16182142426054,300
"2399",399,3.02631864935524,300
"2400",400,3.13604072491699,300
"2401",401,3.23091295395888,300
"2402",402,3.21796414212077,300
"2403",403,2.84987286803042,300
"2404",404,3.09149923400483,300
"2405",405,3.16838354102216,300
"2406",406,3.08983063734885,300
"2407",407,3.00201036607761,300
"2408",408,3.12468386560741,300
"2409",409,2.87068278919681,300
"2410",410,2.87920336166717,300
"2411",411,2.96912420394425,300
"2412",412,2.93396087079372,300
"2413",413,3.00747360768627,300
"2414",414,2.87642745492908,300
"2415",415,3.0497139157147,300
"2416",416,2.96326587329195,300
"2417",417,2.88115624215203,300
"2418",418,2.8560094077761,300
"2419",419,3.03816713471583,300
"2420",420,2.97577910612282,300
"2421",421,2.76174950541188,300
"2422",422,2.92100531475667,300
"2423",423,2.98982418305748,300
"2424",424,3.19490977867555,300
"2425",425,3.11589527940011,300
"2426",426,2.90287878392652,300
"2427",427,3.10327903622233,300
"2428",428,2.57632005284086,300
"2429",429,2.78126122784528,300
"2430",430,2.70531439278892,300
"2431",431,3.15650006516957,300
"2432",432,2.98351313858429,300
"2433",433,2.92890527087851,300
"2434",434,3.15234926431122,300
"2435",435,2.89644788444816,300
"2436",436,2.85631280748883,300
"2437",437,2.85990315280935,300
"2438",438,3.22850479069572,300
"2439",439,2.88747726880596,300
"2440",440,2.9699147096333,300
"2441",441,3.07814121278079,300
"2442",442,2.88318431123947,300
"2443",443,3.25679620495928,300
"2444",444,2.85150882257268,300
"2445",445,3.05648090948369,300
"2446",446,2.88586154777698,300
"2447",447,2.85466864045905,300
"2448",448,2.89731732451132,300
"2449",449,3.05675987291922,300
"2450",450,2.9115973731755,300
"2451",451,2.96245741528834,300
"2452",452,2.99682826179372,300
"2453",453,3.02927741850202,300
"2454",454,3.27452581024846,300
"2455",455,3.06820276948106,300
"2456",456,3.19941817055401,300
"2457",457,2.80342872922824,300
"2458",458,3.26953887067906,300
"2459",459,2.9813408074675,300
"2460",460,2.93947649620196,300
"2461",461,2.81525451121016,300
"2462",462,2.97123921291745,300
"2463",463,3.00293543017755,300
"2464",464,2.84798149695484,300
"2465",465,3.09481218479708,300
"2466",466,3.17314042437251,300
"2467",467,3.30295204591752,300
"2468",468,3.00256906030289,300
"2469",469,3.13772707743245,300
"2470",470,2.97195548703662,300
"2471",471,2.95283634309087,300
"2472",472,3.0876145727208,300
"2473",473,2.92252622293177,300
"2474",474,3.16662285623364,300
"2475",475,3.05351356781692,300
"2476",476,3.21413042849691,300
"2477",477,2.62850114728389,300
"2478",478,2.90370364241087,300
"2479",479,2.86492407169719,300
"2480",480,3.05834757047786,300
"2481",481,2.77065670077639,300
"2482",482,3.13314713761233,300
"2483",483,3.17093769754476,300
"2484",484,3.184310198362,300
"2485",485,3.0557175525674,300
"2486",486,3.19666935450227,300
"2487",487,3.01756913099957,300
"2488",488,3.00557050443915,300
"2489",489,3.12297255656471,300
"2490",490,2.97818316015584,300
"2491",491,2.94726800236428,300
"2492",492,3.06322592736294,300
"2493",493,2.94005665527236,300
"2494",494,3.02492317064021,300
"2495",495,3.24909317268573,300
"2496",496,2.83933968454636,300
"2497",497,3.24352055311368,300
"2498",498,2.91495099745696,300
"2499",499,3.08880042932719,300
"2500",500,3.09339161198918,300
"2501",1,3.06389119380853,1000
"2502",2,3.0086841415011,1000
"2503",3,2.92298940707519,1000
"2504",4,2.97713657458337,1000
"2505",5,2.95554183597636,1000
"2506",6,2.9314436859142,1000
"2507",7,2.91312595510505,1000
"2508",8,2.95618113480387,1000
"2509",9,2.87651485663721,1000
"2510",10,2.95108698266783,1000
"2511",11,3.07453141599714,1000
"2512",12,2.98237527445186,1000
"2513",13,2.95610500057556,1000
"2514",14,2.9802082509318,1000
"2515",15,3.0334595487072,1000
"2516",16,3.10671185955697,1000
"2517",17,3.0472073612933,1000
"2518",18,3.09247879920354,1000
"2519",19,3.04462583582998,1000
"2520",20,2.92425776589688,1000
"2521",21,2.89083927612587,1000
"2522",22,3.14258633186765,1000
"2523",23,3.08572889781647,1000
"2524",24,2.9054567626652,1000
"2525",25,3.03075651460461,1000
"2526",26,2.99111578270168,1000
"2527",27,2.98336497430014,1000
"2528",28,3.02370667470181,1000
"2529",29,2.94070534197013,1000
"2530",30,3.00129349162772,1000
"2531",31,3.07216775525236,1000
"2532",32,3.0632107635095,1000
"2533",33,2.95319445307081,1000
"2534",34,3.05715804812788,1000
"2535",35,2.88445615441681,1000
"2536",36,2.95067442533796,1000
"2537",37,2.96680432064237,1000
"2538",38,2.99206228592916,1000
"2539",39,2.89975322001634,1000
"2540",40,2.99085916116501,1000
"2541",41,2.91691086525865,1000
"2542",42,3.03246808483061,1000
"2543",43,3.0391720958042,1000
"2544",44,2.95570093684639,1000
"2545",45,2.9710228419758,1000
"2546",46,3.00689315129261,1000
"2547",47,2.92993050163993,1000
"2548",48,2.99839949487061,1000
"2549",49,2.97637780611027,1000
"2550",50,2.99910877727374,1000
"2551",51,3.04990158841828,1000
"2552",52,3.10577736939397,1000
"2553",53,3.00089402533506,1000
"2554",54,3.05118248860252,1000
"2555",55,2.959297690536,1000
"2556",56,2.91494405828946,1000
"2557",57,3.00150792332207,1000
"2558",58,2.93058857598409,1000
"2559",59,2.83907051956548,1000
"2560",60,3.01216933834269,1000
"2561",61,2.94567766413203,1000
"2562",62,2.99891009982464,1000
"2563",63,2.99154274357108,1000
"2564",64,2.99705430486599,1000
"2565",65,3.14472766933305,1000
"2566",66,2.92729585759082,1000
"2567",67,2.83528763433055,1000
"2568",68,3.04575827862522,1000
"2569",69,3.08304454095592,1000
"2570",70,3.11676145652625,1000
"2571",71,3.00277724257308,1000
"2572",72,3.02763880633135,1000
"2573",73,3.05605987614883,1000
"2574",74,2.95263054161018,1000
"2575",75,3.01237415036988,1000
"2576",76,2.95328076618591,1000
"2577",77,3.01876725024066,1000
"2578",78,2.92308368744696,1000
"2579",79,2.95034759633569,1000
"2580",80,3.00156944549092,1000
"2581",81,2.99225782071219,1000
"2582",82,3.09602667098207,1000
"2583",83,3.09002862140996,1000
"2584",84,3.01664692654718,1000
"2585",85,2.96169341338958,1000
"2586",86,3.0916645571338,1000
"2587",87,3.04618689849429,1000
"2588",88,2.96470674034305,1000
"2589",89,2.90577546101141,1000
"2590",90,3.09381617327197,1000
"2591",91,3.13736650915368,1000
"2592",92,3.06864840375931,1000
"2593",93,3.1051331021653,1000
"2594",94,3.04339833708376,1000
"2595",95,2.95641433258334,1000
"2596",96,2.93867278578453,1000
"2597",97,3.07120823802438,1000
"2598",98,3.04148524324031,1000
"2599",99,3.06323546086782,1000
"2600",100,3.07016831706785,1000
"2601",101,2.933228287894,1000
"2602",102,2.87459120469474,1000
"2603",103,3.0921172368905,1000
"2604",104,2.99029100650545,1000
"2605",105,2.78377129776503,1000
"2606",106,3.0264958390239,1000
"2607",107,2.9819276432245,1000
"2608",108,2.93901006022282,1000
"2609",109,3.01585949606714,1000
"2610",110,3.00197244421792,1000
"2611",111,3.07088286349711,1000
"2612",112,2.8852962399098,1000
"2613",113,2.89899068193619,1000
"2614",114,2.95896220654135,1000
"2615",115,3.12270388509396,1000
"2616",116,3.02001531761749,1000
"2617",117,2.9677112522388,1000
"2618",118,2.9471781507222,1000
"2619",119,3.09075817250715,1000
"2620",120,3.10251933143802,1000
"2621",121,3.08811282351798,1000
"2622",122,3.01153342424269,1000
"2623",123,3.01767364493736,1000
"2624",124,2.87220203315801,1000
"2625",125,2.88384724736305,1000
"2626",126,2.99181795851406,1000
"2627",127,3.00619051002623,1000
"2628",128,3.01953488017647,1000
"2629",129,3.05749864284972,1000
"2630",130,3.10408014707554,1000
"2631",131,2.91189668864297,1000
"2632",132,3.14512334341239,1000
"2633",133,3.06328173120142,1000
"2634",134,3.12549837222814,1000
"2635",135,3.10477891908557,1000
"2636",136,2.93176439117796,1000
"2637",137,3.07941311453704,1000
"2638",138,2.94165276648281,1000
"2639",139,2.98622629089951,1000
"2640",140,2.84265099354069,1000
"2641",141,2.98147322890755,1000
"2642",142,2.92779603694444,1000
"2643",143,3.00452922622849,1000
"2644",144,3.07165756600392,1000
"2645",145,2.938165823337,1000
"2646",146,2.93080818667992,1000
"2647",147,3.06097029575665,1000
"2648",148,2.97348148282092,1000
"2649",149,3.07662875421462,1000
"2650",150,3.03387981123459,1000
"2651",151,2.96346927851576,1000
"2652",152,3.113629764256,1000
"2653",153,2.94277663576577,1000
"2654",154,3.07979676187816,1000
"2655",155,2.97070116677336,1000
"2656",156,3.10480276154961,1000
"2657",157,2.99012966839065,1000
"2658",158,3.03768955794462,1000
"2659",159,2.91080354293468,1000
"2660",160,3.09160777221676,1000
"2661",161,3.14821422258696,1000
"2662",162,2.93045921369628,1000
"2663",163,2.95677080757298,1000
"2664",164,2.93336439207012,1000
"2665",165,2.98767269565958,1000
"2666",166,2.84151375081291,1000
"2667",167,3.02696357469984,1000
"2668",168,2.95375519354104,1000
"2669",169,3.08600019604055,1000
"2670",170,2.96330133434306,1000
"2671",171,3.13923181866577,1000
"2672",172,2.99743839104545,1000
"2673",173,2.91345075453002,1000
"2674",174,3.02057116095737,1000
"2675",175,3.00453346776899,1000
"2676",176,2.95326336505226,1000
"2677",177,3.04922467252395,1000
"2678",178,3.00696610083475,1000
"2679",179,2.98381319182704,1000
"2680",180,2.93700366333658,1000
"2681",181,2.9079194284312,1000
"2682",182,2.88837503170209,1000
"2683",183,3.01354204526061,1000
"2684",184,2.97784497094396,1000
"2685",185,2.92619991402002,1000
"2686",186,2.92082188370251,1000
"2687",187,3.04161099600354,1000
"2688",188,2.99781551829435,1000
"2689",189,3.05830847957486,1000
"2690",190,2.98516575215503,1000
"2691",191,3.12674019019017,1000
"2692",192,3.012441215766,1000
"2693",193,3.04154925582361,1000
"2694",194,2.91768413510414,1000
"2695",195,2.96062655361884,1000
"2696",196,3.03202388100871,1000
"2697",197,3.03255939051523,1000
"2698",198,2.99323110475884,1000
"2699",199,3.04296574845378,1000
"2700",200,3.02195367103889,1000
"2701",201,3.13712978490099,1000
"2702",202,3.06270315415788,1000
"2703",203,3.0158032431372,1000
"2704",204,3.08795909366928,1000
"2705",205,2.90131261041394,1000
"2706",206,3.04263690796754,1000
"2707",207,3.02773469756071,1000
"2708",208,2.8675597772929,1000
"2709",209,2.92208940718593,1000
"2710",210,2.92817251528019,1000
"2711",211,3.10254910701262,1000
"2712",212,3.09818835107679,1000
"2713",213,3.04116672809926,1000
"2714",214,3.04551175040379,1000
"2715",215,3.07083647351358,1000
"2716",216,3.06494301282636,1000
"2717",217,2.97768945614092,1000
"2718",218,3.04583812955355,1000
"2719",219,3.05239938292973,1000
"2720",220,3.07205366900987,1000
"2721",221,2.9718612705388,1000
"2722",222,3.1098406577984,1000
"2723",223,2.98629586166678,1000
"2724",224,3.12454378031583,1000
"2725",225,3.04290909252366,1000
"2726",226,3.02823326536013,1000
"2727",227,2.98546381842901,1000
"2728",228,3.05741615640891,1000
"2729",229,3.09321174943549,1000
"2730",230,3.05881495215659,1000
"2731",231,3.20747192160445,1000
"2732",232,2.99642321760667,1000
"2733",233,3.0055937038931,1000
"2734",234,2.9126151949645,1000
"2735",235,3.13996401295489,1000
"2736",236,3.0657460553053,1000
"2737",237,2.93444287565252,1000
"2738",238,2.92300743156032,1000
"2739",239,3.0823736639389,1000
"2740",240,3.04288947430573,1000
"2741",241,3.02038869300377,1000
"2742",242,3.19683995810515,1000
"2743",243,3.0425208554031,1000
"2744",244,3.00262374323714,1000
"2745",245,3.04051052230167,1000
"2746",246,2.9742513653281,1000
"2747",247,2.96217605163135,1000
"2748",248,2.95449475315942,1000
"2749",249,2.97477153267793,1000
"2750",250,3.05769069378001,1000
"2751",251,3.00218075207189,1000
"2752",252,2.98106844610743,1000
"2753",253,3.00227785653886,1000
"2754",254,2.96835932090533,1000
"2755",255,2.98791710789238,1000
"2756",256,3.01733257536928,1000
"2757",257,3.06934190149033,1000
"2758",258,3.0100371871291,1000
"2759",259,2.97029086815309,1000
"2760",260,3.07300148077549,1000
"2761",261,2.9605427213287,1000
"2762",262,2.99021837334797,1000
"2763",263,2.95705889557151,1000
"2764",264,2.86519099618812,1000
"2765",265,3.19769728722917,1000
"2766",266,2.91401184626422,1000
"2767",267,2.86028927276789,1000
"2768",268,2.9568293732812,1000
"2769",269,3.0520877215224,1000
"2770",270,2.98915116373761,1000
"2771",271,3.05093227421633,1000
"2772",272,3.03956018028868,1000
"2773",273,3.00324523105611,1000
"2774",274,2.9016176208209,1000
"2775",275,3.01706065899171,1000
"2776",276,3.07537991897651,1000
"2777",277,2.85647778651479,1000
"2778",278,2.97341687910898,1000
"2779",279,2.99191558081394,1000
"2780",280,2.9893877762057,1000
"2781",281,3.16369304073829,1000
"2782",282,3.04604201126529,1000
"2783",283,3.08491847023082,1000
"2784",284,3.01757455454771,1000
"2785",285,2.96026925252407,1000
"2786",286,2.96847680617706,1000
"2787",287,3.00034491342258,1000
"2788",288,3.10958645178462,1000
"2789",289,3.0210730235481,1000
"2790",290,2.91713926048581,1000
"2791",291,3.023299977229,1000
"2792",292,2.90774288486703,1000
"2793",293,3.05532111590016,1000
"2794",294,3.06175058601777,1000
"2795",295,2.89753448149222,1000
"2796",296,2.87446627968647,1000
"2797",297,2.95275012295698,1000
"2798",298,2.99994815256247,1000
"2799",299,2.91127522934094,1000
"2800",300,3.02644466109361,1000
"2801",301,2.89819833332878,1000
"2802",302,2.94473869780041,1000
"2803",303,3.01161921500123,1000
"2804",304,2.84251652360271,1000
"2805",305,2.94469752979379,1000
"2806",306,2.94125455561786,1000
"2807",307,2.96068420257281,1000
"2808",308,2.93542046239941,1000
"2809",309,2.87940186654724,1000
"2810",310,2.97183648348784,1000
"2811",311,2.94814705054838,1000
"2812",312,3.16494520317996,1000
"2813",313,2.93184964630745,1000
"2814",314,3.08332344666243,1000
"2815",315,3.13369710964154,1000
"2816",316,2.98505192146535,1000
"2817",317,2.94839488282251,1000
"2818",318,2.9420170667615,1000
"2819",319,2.85127637402949,1000
"2820",320,3.04191425527178,1000
"2821",321,3.0411391744134,1000
"2822",322,2.98532481982508,1000
"2823",323,3.10781754045781,1000
"2824",324,2.98814511788403,1000
"2825",325,3.04294726925448,1000
"2826",326,3.07217301410038,1000
"2827",327,2.92662162771195,1000
"2828",328,3.03073170828145,1000
"2829",329,3.04155296529273,1000
"2830",330,2.98915588153432,1000
"2831",331,2.98239746920934,1000
"2832",332,2.84037841251737,1000
"2833",333,3.11752071496154,1000
"2834",334,3.06524879788267,1000
"2835",335,2.89209862224255,1000
"2836",336,3.01565125985833,1000
"2837",337,3.02633437983036,1000
"2838",338,3.02210841204019,1000
"2839",339,2.92594176438048,1000
"2840",340,3.0049484201323,1000
"2841",341,2.96137962049762,1000
"2842",342,2.96365227443615,1000
"2843",343,2.99916084134423,1000
"2844",344,3.13811153991288,1000
"2845",345,2.96605374349404,1000
"2846",346,2.99077387588557,1000
"2847",347,2.95577226226822,1000
"2848",348,2.96379862885517,1000
"2849",349,2.94458929321108,1000
"2850",350,3.06543011344696,1000
"2851",351,2.88227081130906,1000
"2852",352,3.03920893513129,1000
"2853",353,3.01484419211975,1000
"2854",354,3.10129480837455,1000
"2855",355,2.88381240260662,1000
"2856",356,2.95301724143279,1000
"2857",357,3.0298278534834,1000
"2858",358,2.89423184369553,1000
"2859",359,2.98041508324296,1000
"2860",360,3.08600778321054,1000
"2861",361,2.9944817392017,1000
"2862",362,2.91771465591599,1000
"2863",363,2.91439600960709,1000
"2864",364,2.94002365001781,1000
"2865",365,3.02789043291974,1000
"2866",366,3.00340179768339,1000
"2867",367,2.96210824937109,1000
"2868",368,3.00810895179469,1000
"2869",369,2.94589520241397,1000
"2870",370,3.17794567900259,1000
"2871",371,2.85514247320867,1000
"2872",372,3.11827620706376,1000
"2873",373,2.93134744780758,1000
"2874",374,3.01027000499231,1000
"2875",375,3.08191909328982,1000
"2876",376,3.02261933539613,1000
"2877",377,2.86903633136725,1000
"2878",378,3.01647462196063,1000
"2879",379,2.97644125009534,1000
"2880",380,2.94069079340563,1000
"2881",381,2.91626887597095,1000
"2882",382,3.10028737010192,1000
"2883",383,3.0208737744609,1000
"2884",384,2.99594764400808,1000
"2885",385,3.1238403285789,1000
"2886",386,3.08042591115885,1000
"2887",387,2.93417548865155,1000
"2888",388,3.09721815908307,1000
"2889",389,2.98724578253095,1000
"2890",390,2.91891719784641,1000
"2891",391,2.82504530210395,1000
"2892",392,3.03462273317317,1000
"2893",393,3.04323018935225,1000
"2894",394,3.00460652708027,1000
"2895",395,2.97423291641512,1000
"2896",396,2.96123655480529,1000
"2897",397,3.10929344490084,1000
"2898",398,3.1044782450081,1000
"2899",399,2.93315120024629,1000
"2900",400,2.97812281314978,1000
"2901",401,3.13282963321631,1000
"2902",402,2.92165238533162,1000
"2903",403,3.06885398883395,1000
"2904",404,3.01115061083242,1000
"2905",405,2.94904656003751,1000
"2906",406,2.9053639069638,1000
"2907",407,3.02868215125216,1000
"2908",408,2.9116710957247,1000
"2909",409,2.93516768639479,1000
"2910",410,3.0561787636034,1000
"2911",411,2.99026585299031,1000
"2912",412,2.8756002710103,1000
"2913",413,3.06476804640143,1000
"2914",414,3.02352928698646,1000
"2915",415,2.99846551959206,1000
"2916",416,2.92074563727454,1000
"2917",417,3.00268059606112,1000
"2918",418,2.95519766478529,1000
"2919",419,2.99566494138232,1000
"2920",420,2.97791948967711,1000
"2921",421,3.0257683592608,1000
"2922",422,3.02995368180182,1000
"2923",423,2.90518491074997,1000
"2924",424,3.00046948483221,1000
"2925",425,2.93262196346704,1000
"2926",426,2.88203554180841,1000
"2927",427,3.03819587897586,1000
"2928",428,2.98253220980377,1000
"2929",429,2.96359196059457,1000
"2930",430,2.90422495239593,1000
"2931",431,2.95112672634963,1000
"2932",432,3.00624938970733,1000
"2933",433,3.03374616489487,1000
"2934",434,2.8963167373134,1000
"2935",435,2.98794497587911,1000
"2936",436,2.93537566128712,1000
"2937",437,3.05054195007427,1000
"2938",438,3.04793524449532,1000
"2939",439,3.04590618539253,1000
"2940",440,2.88546165347437,1000
"2941",441,3.02536999556573,1000
"2942",442,3.10388173544225,1000
"2943",443,2.95587889776544,1000
"2944",444,3.02202567866519,1000
"2945",445,3.03777188085666,1000
"2946",446,2.9582888338062,1000
"2947",447,3.04566612322764,1000
"2948",448,2.90803884702081,1000
"2949",449,3.07377385506625,1000
"2950",450,2.94759179445595,1000
"2951",451,3.05789076951911,1000
"2952",452,3.04865459479195,1000
"2953",453,3.17331864216851,1000
"2954",454,2.99152994281329,1000
"2955",455,3.03888247001453,1000
"2956",456,3.11130288435887,1000
"2957",457,3.0091377020871,1000
"2958",458,2.95800298957052,1000
"2959",459,2.99743631909189,1000
"2960",460,2.94829230761316,1000
"2961",461,3.06742832317537,1000
"2962",462,3.05804969243978,1000
"2963",463,3.01550200600219,1000
"2964",464,3.0453018886757,1000
"2965",465,3.0667941666985,1000
"2966",466,2.96301360529734,1000
"2967",467,3.16609387064076,1000
"2968",468,3.0434576588425,1000
"2969",469,3.04448532847993,1000
"2970",470,2.90869322796302,1000
"2971",471,2.91086787648843,1000
"2972",472,2.96014627648412,1000
"2973",473,2.93461009400456,1000
"2974",474,2.9629727019101,1000
"2975",475,2.91799280738266,1000
"2976",476,2.97548462566785,1000
"2977",477,3.0391884249758,1000
"2978",478,3.01721928399409,1000
"2979",479,2.91923891264588,1000
"2980",480,3.09725742037986,1000
"2981",481,3.05134422025273,1000
"2982",482,2.85341628997949,1000
"2983",483,2.96303282680086,1000
"2984",484,3.0377671225792,1000
"2985",485,3.08965042630417,1000
"2986",486,3.05507163762362,1000
"2987",487,3.02399882252826,1000
"2988",488,3.04167700390075,1000
"2989",489,3.03141238343143,1000
"2990",490,2.85814545221022,1000
"2991",491,3.03923559633327,1000
"2992",492,3.03139578742774,1000
"2993",493,2.93542760121741,1000
"2994",494,2.90891618933999,1000
"2995",495,3.04806248352123,1000
"2996",496,2.98668036522479,1000
"2997",497,2.91237964701377,1000
"2998",498,3.12143622556385,1000
"2999",499,3.06479764431751,1000
"3000",500,3.02655361366402,1000
